STNAME,CTYNAME,POPESTIMATE2000,POPESTIMATE2001,POPESTIMATE2002,POPESTIMATE2003,POPESTIMATE2004,POPESTIMATE2005,POPESTIMATE2006,POPESTIMATE2007,POPESTIMATE2008,POPESTIMATE2009
Arizona,Arizona,5160586,5273477,5396255,5510364,5652404,5839077,6029141,6167681,6280362,6343154
Arizona,Apache County,69507,67863,67319,68072,68161,68521,69390,69602,69883,71008
Arizona,Cochise County,118132,118798,119847,120638,123234,125786,127241,128206,129023,130081
Arizona,Coconino County,116773,118283,121308,122882,125117,127025,128695,130442,131853,133477
Arizona,Gila County,51332,51274,51478,51337,51423,51655,52541,53252,53437,53561
Arizona,Graham County,33511,33356,33224,32985,32703,32964,33701,35175,36639,37525
Arizona,Greenlee County,8547,8349,7831,7567,7549,7595,7838,8205,8561,8635
Arizona,La Paz County,19611,19580,19464,19722,19979,20379,20573,20647,20555,20514
Arizona,Maricopa County,3092197,3175989,3255388,3328468,3417860,3538988,3642884,3711954,3771061,3803779
Arizona,Mohave County,156215,160312,166155,172633,180521,188773,196168,199760,200078,199696
Arizona,Navajo County,97689,97849,100123,101529,102774,104184,105624,106927,107626,107571
Arizona,Pima County,848019,859280,874267,885893,901342,920298,940930,955869,967778,975580
Arizona,Pinal County,181280,187747,197082,207920,219472,235708,271328,306174,335311,349830
Arizona,Santa Cruz County,38589,39288,40009,40625,41623,42961,44298,45338,46144,47011
Arizona,Yavapai County,168608,172636,177362,182090,187822,195424,204082,208773,211211,211172
Arizona,Yuma County,160576,162873,165398,168003,172824,178816,183848,187357,191202,193714
Florida,Florida,16047515,16356966,16689370,17004085,17415318,17842038,18166990,18367842,18527305,18652644
Florida,Alachua County,218611,221718,224614,227022,229867,233756,239506,242685,244888,246657
Florida,Baker County,22374,22620,23298,23555,24142,24832,25571,26212,26725,27124
Florida,Bay County,148393,150207,152741,155044,158804,162917,165644,165345,166267,167464
Florida,Bradford County,26064,26083,26306,27035,27703,28098,28506,28825,28961,28979
Florida,Brevard County,477819,486429,495425,504847,518722,529907,535138,539719,542378,542109
Florida,Broward County,1630600,1662848,1690118,1707543,1725461,1746896,1739348,1720825,1723633,1733310
Florida,Calhoun County,13040,12847,12947,13293,13445,13850,13997,14222,14351,14692
Florida,Charlotte County,142266,146311,150123,153235,157755,155262,157099,159742,160467,159629
Florida,Citrus County,118649,121197,123491,126215,129840,133791,137826,140974,142122,141381
Florida,Clay County,141629,145685,150947,155620,163238,169418,178339,184256,187289,189101
Florida,Collier County,254015,264240,275490,285321,296021,307452,312621,314437,316641,318485
Florida,Columbia County,56571,57040,57930,59395,60804,63109,65890,66604,67318,67412
Florida,DeSoto County,32196,32402,32446,33271,33895,33864,34300,34537,34374,34592
Florida,Dixie County,13758,14033,14234,14364,14825,15427,15892,16083,16214,16403
Florida,Duval County,779800,790681,800532,809633,820070,828988,842098,851033,855437,859795
Florida,Escambia County,294725,297776,297568,296603,298225,298339,300395,297393,296854,297015
Florida,Flagler County,50579,53944,57905,62947,69387,77008,84339,90516,93546,94700
Florida,Franklin County,9839,9910,9972,10025,10090,10198,11308,11491,11484,11515
Florida,Gadsden County,44950,45153,44762,44952,45129,45258,45258,45867,46319,46264
Florida,Gilchrist County,14443,14283,14502,15011,15271,15801,16223,16610,16797,16829
Florida,Glades County,10579,10948,11284,11514,11901,12284,12297,12357,12752,12839
Florida,Gulf County,14566,14868,14897,15266,15455,15781,15856,15908,15851,15933
Florida,Hamilton County,13330,13733,13795,14010,14101,14017,14430,14589,14785,14930
Florida,Hardee County,26769,26378,26787,26765,26847,26874,27049,27489,27603,27661
Florida,Hendry County,36255,36029,36035,36138,36903,38201,38776,39006,39177,39010
Florida,Hernando County,131390,134127,137818,142686,149593,157156,164398,169891,172437,171950
Florida,Highlands County,87417,88510,89939,90943,93079,95614,97788,99023,99568,98956
Florida,Hillsborough County,1003435,1028385,1054860,1077462,1108225,1143154,1171826,1184686,1196773,1214050
Florida,Holmes County,18553,18757,18880,19254,19319,19523,19824,19991,20141,20147
Florida,Indian River County,113323,115456,118144,120450,125001,127955,131463,134564,136277,137016
Florida,Jackson County,46701,46242,46139,46274,46946,47930,48265,48368,50272,50064
Florida,Jefferson County,12891,12871,13316,13602,14030,14210,14461,14383,14606,14704
Florida,Lafayette County,7011,7153,7287,7356,7630,8131,8341,8398,8465,8435
Florida,Lake County,212347,222297,231519,241489,254625,267587,281329,289909,293654,295511
Florida,Lee County,444311,461037,478889,497662,522431,555029,582678,604716,610984,612297
Florida,Leon County,240571,242583,245404,250673,254188,258083,263076,268519,271130,273263
Florida,Levy County,34644,35118,35964,36530,37510,38355,39447,40204,40809,40880
Florida,Liberty County,6989,7049,7231,7325,7449,7820,8011,8113,8323,8347
Florida,Madison County,18734,18859,18707,18778,19075,19070,19299,19322,19347,19329
Florida,Manatee County,265644,272281,279950,287000,296183,306845,313771,316410,318766,320711
Florida,Marion County,260221,264553,271716,280091,291164,303558,316310,325634,330052,330880
Florida,Martin County,127301,129856,132945,136598,139729,141912,141802,143542,144369,145506
Florida,Miami-Dade County,2259508,2287458,2315747,2336070,2358684,2385872,2405911,2415576,2436062,2463943
Florida,Monroe County,79470,79038,78755,78497,77616,75819,73793,72906,72730,72627
Florida,Nassau County,57957,59300,60816,62069,63699,65568,67823,69969,71557,72671
Florida,Okaloosa County,171200,172564,176257,177649,182506,184045,184071,182677,181752,181153
Florida,Okeechobee County,35917,36298,36776,37224,38556,39247,39668,39840,39968,39899
Florida,Orange County,903019,931775,955136,979227,1011681,1053341,1083429,1100663,1115525,1131351
Florida,Osceola County,174146,181694,190844,202687,216541,228026,242081,253722,261746,265267
Florida,Palm Beach County,1135787,1160474,1191340,1218100,1252223,1278380,1284489,1286586,1294938,1307371
Florida,Pasco County,347038,357653,369665,383238,401648,421844,439529,453579,461313,462607
Florida,Pinellas County,922150,923850,925102,926266,928305,929426,924182,918624,916458,915330
Florida,Polk County,485515,492917,501469,513058,527685,547373,568324,585982,594801,598683
Florida,Putnam County,70433,70585,71386,71853,72831,73792,74663,75107,74999,74546
Florida,St. Johns County,124522,129805,135770,142165,151717,160266,168480,175318,181720,186281
Florida,St. Lucie County,193518,198459,205796,214924,228548,241965,255251,266860,273151,274344
Florida,Santa Rosa County,118360,121261,127438,131463,137241,141132,142983,146158,148538,149544
Florida,Sarasota County,327165,333707,340590,347862,357751,367912,371361,375325,377178,377262
Florida,Seminole County,367378,374593,382846,388141,395230,406840,413218,413571,416564,419788
Florida,Sumter County,53738,55793,59539,61934,64456,69261,76202,82101,86433,90643
Florida,Suwannee County,35071,35679,36186,36812,37597,38687,39533,40309,40774,41263
Florida,Taylor County,19233,19379,19465,20011,20093,20515,20793,21805,22356,22482
Florida,Union County,13450,13598,13662,13787,14470,14856,14873,15419,15718,15340
Florida,Volusia County,444935,451103,458248,466074,476845,486297,494748,498935,497366,494688
Florida,Wakulla County,22924,23779,24458,25062,25832,26706,27785,28588,29183,30459
Florida,Walton County,40755,42391,43935,45578,47518,49392,51145,52355,53563,54534
Florida,Washington County,21023,21316,21287,21537,21967,22216,22860,23469,24706,24693
Georgia,Georgia,8227303,8377038,8508256,8622793,8769252,8925922,9155813,9349988,9504843,9620846
Georgia,Appling County,17396,17455,17502,17732,17740,17769,17725,17985,18133,18144
Georgia,Atkinson County,7591,7641,7748,7990,7985,8096,8197,8346,8366,8386
Georgia,Bacon County,10131,10133,10101,10253,10283,10552,10682,10968,10987,11134
Georgia,Baker County,4025,4005,3923,4124,4024,3967,3877,3706,3728,3560
Georgia,Baldwin County,44684,44764,45203,45433,45967,46304,46513,47336,47855,47087
Georgia,Banks County,14544,15025,15485,15836,16250,16683,17076,17550,17953,18208
Georgia,Barrow County,46520,48171,50409,52253,55032,57889,61395,64760,67362,68548
Georgia,Bartow County,76806,79984,83106,85731,87834,90334,92983,95714,98415,99807
Georgia,Ben Hill County,17483,17315,17178,17095,17106,17243,17525,17719,17675,17581
Georgia,Berrien County,16268,16392,16671,17017,17399,17735,18051,18255,18863,19067
Georgia,Bibb County,153857,153548,153929,153697,154159,154003,154510,154286,154384,155154
Georgia,Bleckley County,11654,11781,11757,11807,12018,12127,12553,13016,12985,13034
Georgia,Brantley County,14700,15093,15556,15911,16222,16535,16895,17198,17593,18129
Georgia,Brooks County,16458,16307,16229,16051,16127,16124,16309,16333,16475,16375
Georgia,Bryan County,23474,23867,24377,25069,26061,26557,27346,28302,29178,29987
Georgia,Bulloch County,56146,56808,57361,59314,60832,63048,64304,65768,67092,68598
Georgia,Burke County,22279,22582,22626,22692,22867,22939,22875,22972,23084,23117
Georgia,Butts County,19621,20186,20993,21540,21706,22055,22669,23184,23794,23682
Georgia,Calhoun County,6325,6271,6359,6286,6306,6256,6350,6269,6456,6670
Georgia,Camden County,43824,44469,45299,44568,46096,46673,47086,48947,49713,50024
Georgia,Candler County,9585,9442,9772,9937,10039,10158,10388,10586,10691,10880
Georgia,Carroll County,87932,91132,94087,97396,99774,102526,105853,108947,110242,110433
Georgia,Catoosa County,53549,54638,56024,57614,58866,59745,61095,62539,63271,63874
Georgia,Charlton County,10312,10675,10910,11282,11378,11635,12089,12056,12604,12665
Georgia,Chatham County,232492,234150,236510,237348,240818,242242,246896,251981,255269,262122
Georgia,Chattahoochee County,15047,15780,18043,15289,15515,14096,11828,11965,11624,11955
Georgia,Chattooga County,25419,25675,25688,25981,25537,25506,25640,26230,26146,25894
Georgia,Cherokee County,143777,151189,158682,165585,173105,182128,193241,202544,208271,212232
Georgia,Clarke County,102401,103890,104673,106287,109752,109536,112074,113995,115768,116843
Georgia,Clay County,3353,3360,3314,3303,3233,3216,3232,3262,3233,3201
Georgia,Clayton County,238079,245327,248954,252631,255322,256292,258552,260441,262099,260067
Georgia,Clinch County,6831,6901,6870,6933,6893,6948,6828,6838,6941,6799
Georgia,Cobb County,611505,623006,631018,634638,640346,646754,661913,670438,679822,684776
Georgia,Coffee County,37592,38350,38791,39183,39383,39829,40702,41299,41813,42089
Georgia,Colquitt County,42140,42223,42570,42554,42987,42993,43700,44209,44872,45152
Georgia,Columbia County,90138,92537,95818,98761,102934,106477,110845,115074,117504,121050
Georgia,Cook County,15855,15885,15985,16060,16268,16567,16622,16848,17067,17114
Georgia,Coweta County,90117,93627,97191,100382,104089,108371,113749,118156,122281,125501
Georgia,Crawford County,12408,12496,12553,12592,12784,12875,12943,12895,12967,12711
Georgia,Crisp County,22018,22184,22284,22194,22320,22456,22718,23146,23243,23378
Georgia,Dade County,15199,15520,15658,15901,16028,16188,16411,16648,16651,16657
Georgia,Dawson County,16238,16875,17521,18406,18831,19611,20660,21509,21951,22325
Georgia,Decatur County,28223,27870,27892,27795,27763,27511,27835,27883,28010,28058
Georgia,DeKalb County,668271,670900,669789,668148,666204,668998,676687,680962,685646,690658
Georgia,Dodge County,19168,19513,19771,20180,20319,20550,20954,21225,21399,21659
Georgia,Dooly County,11519,12040,12207,12508,12848,13292,13719,13867,14191,14769
Georgia,Dougherty County,95859,95944,95429,95015,94596,94610,94418,94522,94363,94688
Georgia,Douglas County,92774,95720,98582,102034,107377,113354,119918,125560,129508,131292
Georgia,Early County,12303,12207,12047,11978,11800,11749,11648,11429,11262,11101
Georgia,Echols County,3782,3774,3751,3844,3926,3946,3913,3938,3954,4012
Georgia,Effingham County,37755,39116,40757,42168,43674,45729,47823,49660,50738,51908
Georgia,Elbert County,20464,20544,20610,20572,20693,20593,20631,20551,20477,20335
Georgia,Emanuel County,21851,21683,21511,21616,21579,21777,22091,22109,22421,22456
Georgia,Evans County,10531,10691,10885,11020,10889,10895,10889,10899,11020,11016
Georgia,Fannin County,19954,20412,21041,21424,21873,22174,22758,23185,23416,23661
Georgia,Fayette County,92073,94086,95707,97634,99443,101961,104099,104989,105192,105493
Georgia,Floyd County,90837,91181,92597,93539,94014,94332,95165,95308,95922,96383
Georgia,Forsyth County,100400,108491,115797,122698,129639,137643,147228,157129,166338,171993
Georgia,Franklin County,20314,20703,20942,21193,21430,21725,21956,22195,22254,22152
Georgia,Fulton County,816190,820213,815224,812568,809481,818737,845181,869329,888694,905511
Georgia,Gilmer County,23634,24229,24920,25575,26175,26808,27665,27996,28211,28174
Georgia,Glascock County,2574,2586,2618,2644,2720,2763,2893,2988,3010,3066
Georgia,Glynn County,67696,68558,69408,70391,71475,72589,74870,76513,78013,78946
Georgia,Gordon County,44401,45757,46939,48145,49426,50602,52161,53409,54567,54945
Georgia,Grady County,23624,23635,23635,23716,23840,24031,24384,24624,24728,24893
Georgia,Greene County,14389,14703,14984,15110,15330,15499,15587,15823,15869,15934
Georgia,Gwinnett County,595584,620025,641986,663391,687468,710978,740267,764129,780721,796276
Georgia,Habersham County,36095,36914,37421,38051,38491,39155,40616,41865,42550,42947
Georgia,Hall County,140993,146148,150229,153561,156385,160979,166524,172446,177277,178503
Georgia,Hancock County,10066,10022,9829,9764,9673,9634,9650,9889,9808,9508
Georgia,Haralson County,25788,26232,26676,27227,27621,27987,28121,28558,28645,28774
Georgia,Harris County,23912,24547,25327,26256,27180,28170,29289,30276,30807,31494
Georgia,Hart County,23046,23049,23286,23402,23966,24376,24764,24894,25138,25108
Georgia,Heard County,11038,11173,11207,11169,11273,11350,11553,11618,11809,11765
Georgia,Henry County,121774,131000,140747,150928,159971,169607,180304,188736,194658,199622
Georgia,Houston County,111294,113432,116411,119396,123723,126201,128978,132373,134922,137416
Georgia,Irwin County,9905,9953,9775,9777,9402,9779,9852,9493,9803,9536
Georgia,Jackson County,41845,43367,44940,46230,48288,50607,54037,57521,59420,60052
Georgia,Jasper County,11496,11629,12027,12417,12588,12985,13370,13569,13769,13842
Georgia,Jeff Davis County,12734,12877,13088,13234,13433,13729,14028,14204,14577,14892
Georgia,Jefferson County,17229,17121,17091,17019,16988,16924,16889,16830,16925,17067
Georgia,Jenkins County,8584,8577,8543,8518,8490,8510,8533,8442,8340,8339
Georgia,Johnson County,8567,8768,9436,9456,9613,9516,9638,10107,10127,9990
Georgia,Jones County,23762,24315,24909,25738,26537,27189,27563,28000,28552,28710
Georgia,Lamar County,16024,16464,16289,16470,16567,16961,17115,17476,18025,18233
Georgia,Lanier County,7283,7253,7422,7748,7824,8068,8509,9013,9560,9810
Georgia,Laurens County,44931,45123,45634,46277,46329,46751,47287,47649,48192,48601
Georgia,Lee County,24808,24945,25115,25260,25965,26505,27365,27792,28111,28326
Georgia,Liberty County,61811,61388,62505,60403,63254,64718,63047,63708,62635,67061
Georgia,Lincoln County,8335,8375,8375,8357,8284,8274,8198,8161,8156,8073
Georgia,Long County,10370,10551,10894,10849,11355,11677,12152,12381,12744,13787
Georgia,Lowndes County,92206,92402,93903,94207,96510,98273,100592,101752,104918,107583
Georgia,Lumpkin County,21251,22152,23048,24162,24916,25884,27300,28228,29128,29723
Georgia,McDuffie County,21269,21323,21141,21155,21256,21419,21564,21527,21790,21836
Georgia,McIntosh County,10948,11401,11648,11878,12182,12408,12950,13623,13973,14268
Georgia,Macon County,14025,14186,14245,14294,14304,14241,14364,14402,14496,14842
Georgia,Madison County,25800,26046,26512,26857,26859,27123,27347,27649,27820,28008
Georgia,Marion County,7189,7322,7400,7521,7637,7818,8089,8255,8357,8561
Georgia,Meriwether County,22526,22524,22726,22615,22563,22587,22694,22506,22632,22446
Georgia,Miller County,6351,6372,6336,6206,6135,6096,6104,6124,6158,6131
Georgia,Mitchell County,23965,23872,23698,23594,23520,23363,23579,23974,23840,23592
Georgia,Monroe County,21824,22092,22767,23499,23648,24080,24924,25726,25969,26233
Georgia,Montgomery County,8234,8505,8532,8805,9040,8997,9165,9175,9100,9136
Georgia,Morgan County,15531,15951,16244,16397,16604,16925,17316,17648,17958,17921
Georgia,Murray County,36737,37683,38167,38998,39465,39723,40173,40138,39869,39888
Georgia,Muscogee County,186478,186375,185139,180838,185057,186543,189464,184704,184763,188796
Georgia,Newton County,62768,66823,71102,75610,80603,85647,90647,95699,98240,99494
Georgia,Oconee County,25874,26135,26501,27334,27904,28616,29720,30755,31697,32386
Georgia,Oglethorpe County,12688,12902,13152,13369,13591,13699,14030,14382,14663,14784
Georgia,Paulding County,83026,88910,94561,100340,106350,113132,122635,131172,137066,140761
Georgia,Peach County,23871,24063,24348,24595,24818,24756,25510,26467,27222,27474
Georgia,Pickens County,23412,24334,25258,26209,26810,27277,28169,29095,29531,29542
Georgia,Pierce County,15702,15811,15995,16278,16755,17179,17502,17933,18210,18564
Georgia,Pike County,13571,13834,14445,14881,15474,15908,16590,17220,17619,17721
Georgia,Polk County,38178,38612,39109,39246,39564,39860,40372,40789,41407,41386
Georgia,Pulaski County,9655,9882,10168,10351,10646,10890,11183,11445,11638,11903
Georgia,Putnam County,18834,19152,19366,19494,19810,20012,20368,20800,21075,21179
Georgia,Quitman County,2596,2607,2547,2478,2457,2519,2545,2529,2547,2497
Georgia,Rabun County,15070,15310,15458,15691,15757,15934,16090,16306,16359,16295
Georgia,Randolph County,7773,7786,7747,7699,7726,7707,7786,7758,7645,7736
Georgia,Richmond County,199547,199443,198670,196958,196883,195837,196449,196483,198423,198489
Georgia,Rockdale County,70724,71875,73158,74860,76577,78086,79911,82146,83558,84625
Georgia,Schley County,3791,3860,3920,3976,4070,4270,4374,4601,4835,4954
Georgia,Screven County,15341,15057,15226,15040,15047,15065,14884,14865,14843,14905
Georgia,Seminole County,9329,9251,9210,9033,9065,8905,8869,8800,8827,8760
Georgia,Spalding County,58497,58927,59699,60222,60588,61091,61971,62682,63651,64135
Georgia,Stephens County,25482,25594,25625,25432,25314,25332,25488,25620,26004,26069
Georgia,Stewart County,5284,5358,5424,5472,5534,5595,5627,5691,5814,5968
Georgia,Sumter County,33448,33447,33362,33178,32902,32622,32785,32987,33012,32724
Georgia,Talbot County,6563,6675,6749,6696,6775,6906,6959,7026,6899,6873
Georgia,Taliaferro County,2076,2031,2040,1923,1903,1858,1863,1851,1820,1774
Georgia,Tattnall County,22322,22242,22276,22485,23034,23165,23417,23444,23801,25068
Georgia,Taylor County,8821,8756,8837,8879,8918,8860,8798,8868,8945,8854
Georgia,Telfair County,11893,12155,12347,13887,14685,15070,15401,15932,16230,16200
Georgia,Terrell County,10935,10822,10607,10641,10453,10134,9969,9701,9648,9596
Georgia,Thomas County,42829,42674,42555,42956,42762,43556,43901,44269,44627,44689
Georgia,Tift County,38348,38133,38217,38215,38622,38789,39503,39720,39806,39748
Georgia,Toombs County,26137,26040,26031,26009,26166,26539,26851,27185,27345,27079
Georgia,Towns County,9348,9499,9532,9745,9872,9940,10281,10452,10485,10444
Georgia,Treutlen County,6862,6895,6881,6924,6949,6679,6771,6773,6847,6906
Georgia,Troup County,58923,59844,60224,60791,62001,63233,63897,64894,65860,66422
Georgia,Turner County,9475,9512,9514,9407,9310,9245,9133,9111,9029,8900
Georgia,Twiggs County,10556,10418,10503,10461,10266,9978,9715,9545,9442,9257
Georgia,Union County,17398,17822,18349,19018,19378,19856,20460,20988,21285,21338
Georgia,Upson County,27746,27788,27624,27648,27514,27440,27349,27423,27321,27360
Georgia,Walker County,61268,62109,62841,63478,64228,65160,66343,67405,68103,68612
Georgia,Walton County,61413,63847,66103,68161,70334,73696,77057,80440,82602,83353
Georgia,Ware County,35421,35426,35203,35222,34991,35011,35624,36016,36065,35985
Georgia,Warren County,6275,6356,6270,6229,6195,6153,6038,5981,5942,5914
Georgia,Washington County,21188,21170,21000,21110,21088,20155,20805,21155,21202,21240
Georgia,Wayne County,26596,26888,27308,27860,28227,28522,28929,29421,30042,30016
Georgia,Webster County,2398,2369,2389,2488,2549,2576,2630,2735,2710,2772
Georgia,Wheeler County,6174,6697,6584,6576,6500,6701,6954,6918,7018,7150
Georgia,White County,20186,21124,22281,23178,24015,24690,25575,26173,26626,26949
Georgia,Whitfield County,84222,86332,88041,89478,91842,94162,96408,98654,100546,101009
Georgia,Wilcox County,8632,8868,8766,8837,8882,8789,8868,8889,9023,9156
Georgia,Wilkes County,10694,10658,10695,10736,10613,10553,10586,10524,10630,10571
Georgia,Wilkinson County,10193,10227,10126,10040,9968,9881,9793,9750,9691,9652
Georgia,Worth County,21983,22019,21873,21874,21873,21670,21783,21646,21701,21799
Illinois,Illinois,12434161,12488445,12525556,12556006,12589773,12609903,12643955,12695866,12747038,12796778
Illinois,Adams County,68183,68014,67776,67267,66818,66920,67106,66943,66943,67039
Illinois,Alexander County,9684,9592,9592,9254,9186,8914,8730,8552,8461,8295
Illinois,Bond County,17659,17586,17735,17960,18101,17988,18004,18077,17916,17747
Illinois,Boone County,42052,43220,44585,46242,47893,49725,51797,53512,54211,54154
Illinois,Brown County,6977,6984,6925,6997,6968,6917,6875,6833,6896,6963
Illinois,Bureau County,35456,35181,35057,35080,34951,34977,35183,35153,35078,35058
Illinois,Calhoun County,5086,5045,4987,5122,5138,5163,5174,5160,5084,5082
Illinois,Carroll County,16611,16405,16312,16267,16102,15914,15866,15734,15638,15476
Illinois,Cass County,13675,13677,13549,13674,13640,13670,13611,13699,13660,13623
Illinois,Champaign County,180041,181956,184198,187013,188617,190659,193844,196621,197570,199968
Illinois,Christian County,35383,35240,35181,35172,35308,35165,35076,35034,34974,34808
Illinois,Clark County,16969,16829,16844,16750,16718,16728,16669,16682,16634,16431
Illinois,Clay County,14409,14260,14228,14194,14142,14134,14061,13975,13971,13826
Illinois,Clinton County,35565,35792,36003,36231,36495,36681,37051,37160,37472,37459
Illinois,Coles County,53114,52549,52454,52974,53182,53016,53359,53492,53454,53612
Illinois,Cook County,5373418,5360562,5328775,5294739,5252021,5207615,5165495,5154235,5161831,5181728
Illinois,Crawford County,20411,20363,20204,20106,20059,20051,19966,19886,19831,19845
Illinois,Cumberland County,11318,11238,11171,11066,11078,11057,11103,11077,11100,11044
Illinois,DeKalb County,89237,90545,91951,94096,96106,98438,101437,103746,104601,105146
Illinois,De Witt County,16800,16792,16673,16686,16671,16716,16792,16742,16733,16538
Illinois,Douglas County,19964,20032,20017,20010,20100,20101,20111,20061,19970,19949
Illinois,DuPage County,906284,911474,913880,914078,913940,911378,908685,907426,909798,912732
Illinois,Edgar County,19582,19465,19249,19085,19041,18987,18986,18929,18768,18668
Illinois,Edwards County,6963,6879,6856,6883,6825,6796,6694,6728,6710,6675
Illinois,Effingham County,34248,34334,34281,34408,34497,34365,34289,34191,34173,34275
Illinois,Fayette County,21827,21695,21814,21514,21056,21848,21925,21890,22006,22089
Illinois,Ford County,14195,14148,14118,14095,14135,14092,14096,14213,14095,14084
Illinois,Franklin County,39003,38798,38893,39066,39298,39587,39560,39473,39546,39482
Illinois,Fulton County,38216,37880,37587,37705,37630,37452,37387,37272,37224,37090
Illinois,Gallatin County,6405,6279,6144,6117,6071,6030,5980,5883,5796,5631
Illinois,Greene County,14752,14620,14622,14558,14411,14382,14167,14001,13956,13926
Illinois,Grundy County,37704,38320,38865,39819,41410,44181,46534,48175,49166,49702
Illinois,Hamilton County,8602,8527,8440,8431,8525,8471,8497,8416,8454,8448
Illinois,Hancock County,20148,20069,19794,19673,19577,19479,19412,19359,19192,19080
Illinois,Hardin County,4777,4765,4723,4724,4664,4615,4508,4462,4386,4344
Illinois,Henderson County,8172,8150,8078,7935,7912,7786,7614,7565,7463,7340
Illinois,Henry County,51078,50714,50454,50714,50509,50572,50392,50528,50492,50536
Illinois,Iroquois County,31386,31022,30805,30688,30493,30548,30308,30282,30228,29863
Illinois,Jackson County,59633,59530,58949,59282,59462,60006,60170,59518,59605,59664
Illinois,Jasper County,10067,10056,10015,9970,10010,9905,9807,9776,9786,9701
Illinois,Jefferson County,40041,39874,39805,39730,39638,39624,39545,39412,39277,38970
Illinois,Jersey County,21642,21751,22001,22126,22374,22500,22736,22838,23084,23060
Illinois,Jo Daviess County,22296,22486,22480,22701,22646,22680,22828,22758,22715,22685
Illinois,Johnson County,12836,12794,12454,12969,12903,12816,12889,12792,12671,12604
Illinois,Kane County,407847,423975,440437,453929,466884,475384,485179,495752,504437,511273
Illinois,Kankakee County,103842,104490,104932,105794,106744,107917,109735,111499,112658,113107
Illinois,Kendall County,55311,58437,62523,67740,73723,81107,90740,100917,108559,112490
Illinois,Knox County,55783,55329,54963,54425,53909,53513,53196,52894,52836,52817
Illinois,Lake County,648150,658986,668022,668760,677735,684419,689891,692995,697369,701042
Illinois,LaSalle County,111600,112212,111904,110949,112135,112565,113139,113794,114171,113999
Illinois,Lawrence County,15432,15527,16045,16455,16562,16910,16730,16952,16935,16802
Illinois,Lee County,36092,36100,35825,35586,35704,35635,35905,36191,36272,36189
Illinois,Livingston County,39751,39881,39519,39095,39145,39062,38978,39069,39071,39054
Illinois,Logan County,31161,30934,30873,30958,30981,30795,30562,30498,30513,30342
Illinois,McDonough County,32841,32789,32802,32971,32798,32848,32868,32945,32615,32611
Illinois,McHenry County,261084,267632,274441,281743,287997,294280,300630,305117,307246,308067
Illinois,McLean County,150844,152713,155882,157795,159096,160299,162925,165223,166825,168727
Illinois,Macon County,114499,113604,112564,111572,111181,111083,110808,110751,110588,110732
Illinois,Macoupin County,48972,48788,48719,48690,48612,48418,48176,48195,48092,47630
Illinois,Madison County,259204,260343,261130,262566,263722,264759,266164,267382,268232,268978
Illinois,Marion County,41665,41393,40971,40602,40229,39941,40037,39898,39794,39465
Illinois,Marshall County,13137,12917,12939,12911,13007,12952,12896,12896,12725,12671
Illinois,Mason County,16001,15960,15847,15717,15671,15471,15153,15078,14962,14787
Illinois,Massac County,15136,15077,15206,15205,15444,15477,15397,15471,15408,15435
Illinois,Menard County,12476,12503,12525,12562,12641,12556,12570,12746,12780,12720
Illinois,Mercer County,16937,16910,16914,16829,16795,16694,16642,16598,16650,16438
Illinois,Monroe County,27764,28302,29070,29771,30422,31007,31644,32139,32533,32848
Illinois,Montgomery County,30657,30516,30550,30355,30394,30288,30378,30295,30276,30124
Illinois,Morgan County,36638,36403,36262,36241,36332,36101,35966,35936,35761,35602
Illinois,Moultrie County,14327,14324,14362,14432,14521,14587,14565,14666,14743,14787
Illinois,Ogle County,51275,51468,51758,52227,52536,52893,53358,53634,53802,53621
Illinois,Peoria County,183186,182348,182685,182338,182613,182868,183446,184048,184803,186930
Illinois,Perry County,23055,23006,22708,22631,22630,22608,22692,22596,22434,22374
Illinois,Piatt County,16387,16357,16216,16375,16463,16649,16682,16664,16716,16774
Illinois,Pike County,17320,17178,17031,16866,16910,16862,16632,16772,16615,16473
Illinois,Pope County,4411,4376,4334,4393,4424,4346,4397,4439,4393,4431
Illinois,Pulaski County,7294,7118,7001,6859,6733,6575,6434,6359,6198,6164
Illinois,Putnam County,6065,6052,6061,6074,6015,5977,5931,5987,5989,5997
Illinois,Randolph County,33910,34127,33512,33410,33714,33588,33688,33598,33584,33528
Illinois,Richland County,16259,16162,16326,16305,16270,16258,16171,16153,16061,16229
Illinois,Rock Island County,149134,148734,148286,147384,147291,147067,147131,147918,147501,147552
Illinois,St. Clair County,256462,256540,257952,258448,260214,261255,263445,264764,266518,268489
Illinois,Saline County,26603,26249,26060,25832,25763,25526,25482,25390,25140,24911
Illinois,Sangamon County,189152,189924,190756,191339,191885,192432,193317,194025,195094,196180
Illinois,Schuyler County,7199,7123,7175,7236,7374,7508,7513,7545,7543,7489
Illinois,Scott County,5549,5541,5505,5507,5467,5457,5392,5388,5373,5373
Illinois,Shelby County,22850,22702,22656,22625,22484,22445,22379,22314,22398,22386
Illinois,Stark County,6317,6308,6268,6196,6172,6136,6156,6143,6109,6043
Illinois,Stephenson County,48920,48625,48367,48503,48479,48105,47917,47794,47805,47792
Illinois,Tazewell County,128520,128468,128722,128770,129656,130784,131804,133131,133893,135054
Illinois,Union County,18267,18116,18092,18116,18048,18071,18082,18066,17965,17909
Illinois,Vermilion County,83821,83646,83299,82996,82955,82728,82715,82258,81930,81710
Illinois,Wabash County,12895,12755,12640,12561,12486,12451,12354,12237,12158,12040
Illinois,Warren County,18680,18471,18388,18227,17894,17874,17839,17828,17665,17689
Illinois,Washington County,15162,15258,15129,15189,15106,14950,15008,14890,14855,14755
Illinois,Wayne County,17112,17068,17007,16947,16881,16910,16829,16951,16930,16788
Illinois,White County,15333,15286,15138,15011,15089,15074,14942,14796,14868,14767
Illinois,Whiteside County,60615,60511,60022,59489,59352,59094,59033,58819,58784,58667
Illinois,Will County,507629,530086,553714,579547,605934,627610,650779,664048,671392,674970
Illinois,Williamson County,61279,61737,62137,62510,63379,63875,64424,65201,65674,66229
Illinois,Winnebago County,278981,280009,281162,283230,284337,286178,289405,293991,295726,295612
Illinois,Woodford County,35499,35559,35698,36041,36514,37032,37385,37961,38452,38675
Maryland,Maryland,5311034,5374691,5440389,5496269,5546935,5592379,5627367,5653408,5684965,5730388
Maryland,Allegany County,74804,74525,74204,74076,74408,73979,73980,74449,74638,75101
Maryland,Anne Arundel County,491670,498559,504884,507769,513259,516171,517698,520503,525304,532395
Maryland,Baltimore County,755598,762925,770147,777756,784371,789110,793733,796073,798651,801808
Maryland,Calvert County,75118,77218,80153,83007,84928,86294,87043,87445,87788,88244
Maryland,Caroline County,29773,29814,30054,30553,30653,31416,32214,32720,32983,33013
Maryland,Carroll County,151454,154037,157930,161389,163915,165519,166950,167390,167433,167028
Maryland,Cecil County,86448,88228,90061,92444,94809,96836,98821,99628,100232,100816
Maryland,Charles County,121229,124745,128079,131942,135601,138560,141164,142721,143783,144804
Maryland,Dorchester County,30581,30647,30526,30628,31086,31422,31677,32172,32466,32470
Maryland,Frederick County,196563,202315,209194,213827,217776,221201,224211,227463,229286,230942
Maryland,Garrett County,29838,29812,29987,30182,30147,30083,30147,30148,30222,30145
Maryland,Harford County,219797,222753,227369,231411,234849,238402,241163,241634,242779,243685
Maryland,Howard County,249590,255211,259532,263186,265919,268590,271793,275196,278405,283061
Maryland,Kent County,19252,19330,19443,19505,19513,19695,19786,19801,20150,20132
Maryland,Montgomery County,877478,891764,903140,910498,914991,921531,926492,931694,942748,959013
Maryland,Prince George's County,803111,817360,828893,837648,845950,853271,852097,849916,850167,856161
Maryland,Queen Anne's County,40763,41253,42524,43688,44411,44879,45716,46517,47063,47532
Maryland,St. Mary's County,86498,87455,89819,92333,94900,96871,98849,100599,101921,103273
Maryland,Somerset County,24710,25157,25445,25541,25807,25793,26139,26534,26474,26425
Maryland,Talbot County,33895,34231,34628,34994,35793,36423,37000,37167,37307,37496
Maryland,Washington County,132051,133093,134831,136872,139423,142084,144286,146173,146674,146953
Maryland,Wicomico County,84899,85637,86679,88463,90210,92508,94621,96110,97111,98069
Maryland,Worcester County,46828,47889,48752,49524,49994,50181,50678,51049,51196,51313
Maryland,Baltimore city,649086,640733,634115,629033,624222,621560,621109,620306,620184,620509
New York,New York,19001780,19082838,19137800,19175939,19171567,19132610,19104631,19132335,19212436,19307066
New York,Albany County,295106,296232,298283,301085,302173,302791,303997,303858,303739,304733
New York,Allegany County,49819,50079,50014,50165,50311,49768,49359,49079,49177,48969
New York,Bronx County,1334319,1346555,1358739,1362373,1358963,1351736,1348164,1354056,1363488,1376261
New York,Broome County,200351,200868,201438,201037,200974,200477,200905,200877,201029,200935
New York,Cattaraugus County,83927,83346,83301,83335,82864,82039,81342,81056,80761,80491
New York,Cayuga County,81871,81313,81401,81395,81284,81104,80892,80629,80482,80172
New York,Chautauqua County,139593,138730,138346,137587,137174,136139,135640,135481,135229,135197
New York,Chemung County,91094,90780,90613,90154,89777,88860,88732,88634,88503,88849
New York,Chenango County,51325,51109,51205,51393,51297,51154,51391,51463,51326,50639
New York,Clinton County,79891,80320,80707,81396,81803,82233,82547,82556,82401,82280
New York,Columbia County,63046,62953,63182,63304,63646,63717,63427,63430,63253,63023
New York,Cortland County,48693,48903,48891,49475,49628,49330,49449,49624,49537,49358
New York,Delaware County,47864,47771,47666,47930,48283,48377,48271,48450,48363,48182
New York,Dutchess County,280914,284712,287700,290781,292859,294362,294712,295319,296267,296887
New York,Erie County,949440,946515,943551,941846,938333,931745,925564,921887,920571,919334
New York,Essex County,38911,38893,39195,39334,39295,39321,39490,39373,39435,39478
New York,Franklin County,51044,50925,50924,51228,51197,51257,51511,51782,51907,51706
New York,Fulton County,54976,54904,54988,55081,55233,55301,55328,55489,55584,55558
New York,Genesee County,60539,60321,60289,60412,60224,60068,59919,59930,59895,59932
New York,Greene County,47986,47976,48177,48416,48755,49142,49513,49537,49467,49372
New York,Hamilton County,5377,5312,5232,5181,5158,5093,4987,4969,4893,4858
New York,Herkimer County,64451,64274,63971,64080,64332,64292,64029,64343,64404,64381
New York,Jefferson County,111790,111422,111112,110246,109924,113486,113650,115059,115033,115023
New York,Kings County,2467006,2477252,2480559,2472999,2459094,2445809,2436132,2441324,2460361,2487751
New York,Lewis County,26989,26951,26618,26692,26661,26773,27001,27086,26878,27047
New York,Livingston County,64705,65088,65118,65130,65484,65322,65357,65460,65637,65420
New York,Madison County,69450,69852,70261,71010,71397,71471,72042,72709,73075,73169
New York,Monroe County,738979,739891,741391,741671,741075,738506,738329,739249,741018,743386
New York,Montgomery County,49605,49472,49298,49449,49460,49505,49724,49798,49951,50001
New York,Nassau County,1336713,1337086,1339572,1339761,1337964,1332318,1324905,1322048,1325129,1332088
New York,New York County,1540547,1555729,1555382,1562154,1569947,1573573,1578171,1581402,1587022,1583431
New York,Niagara County,219620,218552,218127,218072,217737,216818,216148,215791,215793,216043
New York,Oneida County,235146,234247,234078,234243,234654,234282,234229,234488,234482,234619
New York,Onondaga County,458034,458576,459484,460961,461412,460910,460925,461287,463472,465633
New York,Ontario County,100106,100819,101763,102625,103385,104259,104644,105216,106302,107214
New York,Orange County,342892,347674,352975,358727,362934,364522,366908,368464,370201,372079
New York,Orleans County,44178,43898,43660,43593,43682,43475,43420,43342,43254,42975
New York,Oswego County,122477,122269,122496,123120,123340,122640,122354,122213,122366,122055
New York,Otsego County,61860,61924,62093,62567,62934,63069,63032,62914,62561,62280
New York,Putnam County,96049,97055,98263,98964,99468,99575,99357,99454,99537,99666
New York,Queens County,2230501,2231316,2224507,2214608,2198516,2185222,2173862,2177351,2193623,2217166
New York,Rensselaer County,152684,152700,153040,154201,155523,156104,157312,158243,159011,159150
New York,Richmond County,445235,448961,452813,455939,456846,457028,457577,459642,463701,466965
New York,Rockland County,287720,290613,293728,296224,297562,298737,299390,301668,305413,308652
New York,St. Lawrence County,111864,111497,111292,111329,111468,111606,111556,111586,111684,112169
New York,Saratoga County,201514,203974,206446,209410,211478,212975,214627,215798,217282,218652
New York,Schenectady County,146581,146334,147199,147891,148900,150200,151768,152275,153360,154050
New York,Schoharie County,31514,31794,31785,32032,32310,32534,32661,32894,32890,32776
New York,Schuyler County,19232,19175,19179,19151,19034,18880,18752,18707,18644,18398
New York,Seneca County,33343,34764,35046,35212,35312,35177,35223,35469,35370,35286
New York,Steuben County,98764,99216,99583,99191,98983,98868,98473,98541,98726,98949
New York,Suffolk County,1424081,1442488,1456745,1470849,1478215,1477687,1475626,1475255,1480218,1487206
New York,Sullivan County,74134,74143,74452,75447,76265,76780,77231,77991,77755,77647
New York,Tioga County,51838,51712,51992,51895,51631,51611,51536,51565,51498,51236
New York,Tompkins County,96608,97458,98227,99049,99531,99433,99651,99910,100383,101497
New York,Ulster County,177810,178440,180128,180942,181847,182438,182845,182818,183174,182638
New York,Warren County,63273,63406,63774,64323,64576,65206,65554,65740,65848,65694
New York,Washington County,60977,61142,61152,61621,62278,62468,62771,63054,63252,63077
New York,Wayne County,93791,93794,93735,94001,93860,93727,93595,93539,93739,93643
New York,Westchester County,925511,931577,935219,935799,935457,933401,931426,933414,937449,944201
New York,Wyoming County,43399,43061,43007,42955,42852,42780,42673,42515,42281,42236
New York,Yates County,24723,24725,24688,24898,25008,25129,25025,25234,25352,25303
Ohio,Ohio,11363543,11387404,11407889,11434788,11452251,11463320,11481213,11500468,11515391,11528896
Ohio,Adams County,27317,27522,27817,28111,28328,28522,28615,28538,28686,28500
Ohio,Allen County,108589,108523,108518,107418,106826,106861,106716,106717,106773,106518
Ohio,Ashland County,52502,52560,52595,52867,52852,53048,53231,53544,53499,53305
Ohio,Ashtabula County,102705,102450,102577,102667,102648,102638,102340,102156,101826,101584
Ohio,Athens County,62324,62997,63401,63827,63230,64075,64237,64102,64546,64618
Ohio,Auglaize County,46186,46137,45943,45872,45932,46166,46034,45977,46167,45996
Ohio,Belmont County,70172,69901,70293,70219,70241,70203,70469,70430,70356,70439
Ohio,Brown County,42566,42839,43368,43794,43995,44161,44334,44490,44668,44740
Ohio,Butler County,333368,336679,339514,343022,346655,350732,356691,361192,364179,366633
Ohio,Carroll County,28851,28961,29172,29325,29297,29118,29163,29062,28999,28917
Ohio,Champaign County,38941,39047,39280,39395,39565,39592,40018,40127,40263,40265
Ohio,Clark County,144605,143803,143229,141758,141380,141367,140668,139829,139404,138778
Ohio,Clermont County,177960,179845,182143,184446,187281,189486,192209,194346,195891,196512
Ohio,Clinton County,40566,40777,41042,41250,41557,41775,42499,42576,42656,42418
Ohio,Columbiana County,112048,111370,111097,111000,110627,109784,109673,109153,108469,107948
Ohio,Coshocton County,36724,36975,37149,37288,37421,37363,37339,37184,36953,36878
Ohio,Crawford County,46827,46533,46271,45928,45776,45536,44907,44634,44291,43921
Ohio,Cuyahoga County,1391959,1382520,1371493,1359929,1346714,1330612,1312816,1301540,1291479,1285082
Ohio,Darke County,53291,53110,53011,53190,53236,53200,53023,52996,52909,52829
Ohio,Defiance County,39461,39456,39303,39209,39115,39049,39154,39123,39250,39060
Ohio,Delaware County,111759,118646,126172,133842,141348,149153,156164,161796,166652,170676
Ohio,Erie County,79662,79308,78762,78673,78596,78070,77876,77668,77573,77085
Ohio,Fairfield County,123485,126245,129355,132770,136074,138745,141005,142915,144029,145446
Ohio,Fayette County,28495,28310,28370,28450,28470,28695,28791,28908,28896,28929
Ohio,Franklin County,1072018,1082938,1088693,1095250,1099603,1105497,1115924,1127174,1141183,1155408
Ohio,Fulton County,42104,42169,42275,42402,42777,42897,42785,42800,42780,42747
Ohio,Gallia County,31072,31017,31083,31095,31029,30993,30927,30977,30997,30857
Ohio,Geauga County,91179,91429,91970,93042,93218,93614,93839,93742,93583,93446
Ohio,Greene County,148401,149643,151537,153064,155442,156223,157850,159055,160115,161075
Ohio,Guernsey County,40803,40860,40991,41138,40965,40752,40600,40531,40347,40242
Ohio,Hamilton County,844124,840335,832390,825139,817306,810352,804913,801815,799840,802149
Ohio,Hancock County,71321,71972,72617,73118,73532,73585,74167,74712,74781,74964
Ohio,Hardin County,31952,31753,31804,31729,32119,31983,31939,32132,32200,32185
Ohio,Harrison County,15854,15796,15902,16002,15856,15907,15868,15901,15856,15860
Ohio,Henry County,29177,29055,29119,29021,29014,29031,29026,28671,28523,28322
Ohio,Highland County,41019,41295,41857,42269,42938,42967,43562,43845,43700,43578
Ohio,Hocking County,28262,28452,28653,28823,28962,29058,29097,29418,29445,29358
Ohio,Holmes County,39049,39805,40475,40844,41370,41630,41828,41826,42029,42275
Ohio,Huron County,59611,59620,59917,59947,60011,60116,60113,60086,60121,59754
Ohio,Jackson County,32633,32670,32846,32880,33025,33242,33135,33144,33164,33115
Ohio,Jefferson County,73663,73043,72416,72122,71774,71251,70656,70114,69989,69833
Ohio,Knox County,54616,55460,56377,57232,57995,58641,59194,59843,60348,60633
Ohio,Lake County,227548,227648,227747,227232,227829,227647,228203,228930,229904,229954
Ohio,Lawrence County,62237,61965,61847,62197,62169,62476,62798,62748,62640,62667
Ohio,Licking County,146268,148226,150061,152582,155264,157950,160263,162375,163916,165283
Ohio,Logan County,45984,45865,46089,46257,46247,46066,45902,46154,46115,46055
Ohio,Lorain County,285095,285827,287489,290622,292125,294873,297259,298609,299814,300893
Ohio,Lucas County,454904,454855,454240,453778,451255,449224,446769,445482,443909,442603
Ohio,Madison County,40218,40256,40539,40879,41122,41292,41865,42392,43163,43353
Ohio,Mahoning County,257104,255264,252998,251696,249825,247702,246112,243453,241572,240050
Ohio,Marion County,66135,66156,66188,66372,66361,66468,66345,66487,66840,66497
Ohio,Medina County,151751,154363,157502,160325,163048,164953,167298,168775,170330,171688
Ohio,Meigs County,23028,23119,23305,23441,23506,23588,23586,23612,23534,23770
Ohio,Mercer County,40913,40819,40843,40841,40889,40967,41063,41055,41022,40855
Ohio,Miami County,99015,99300,99579,100120,100775,101564,102028,102130,102430,102526
Ohio,Monroe County,15172,15107,15006,15048,15113,14943,14818,14774,14833,14742
Ohio,Montgomery County,558522,555536,553170,551742,549713,546979,543620,540667,537664,535294
Ohio,Morgan County,14944,14942,14917,14999,15130,15216,15189,15175,15104,15073
Ohio,Morrow County,31813,32438,32955,33524,34025,34271,34561,34937,34877,34907
Ohio,Muskingum County,84732,84789,85247,85418,85589,85696,86023,85939,85874,85779
Ohio,Noble County,14108,13857,13931,14221,14352,14210,14616,14614,14653,14649
Ohio,Ottawa County,40983,41015,41029,41329,41564,41629,41641,41690,41554,41498
Ohio,Paulding County,20251,20183,19972,19887,19803,19810,19748,19735,19670,19659
Ohio,Perry County,34099,34375,34629,34944,35117,35254,35430,35582,36150,35996
Ohio,Pickaway County,52808,52344,51778,51983,52238,52954,54094,55044,55376,55323
Ohio,Pike County,27688,27807,28072,28258,28427,28299,28590,28645,28763,28679
Ohio,Portage County,152504,153554,154667,155976,156774,157469,157773,159148,160184,161226
Ohio,Preble County,42381,42427,42587,42640,42613,42584,42651,42561,42688,42424
Ohio,Putnam County,34750,34746,34643,34758,34680,34798,34781,34752,34655,34583
Ohio,Richland County,128853,128187,128363,128312,128094,127724,127292,126995,126128,125308
Ohio,Ross County,73507,73840,74363,75008,75251,75935,76639,77419,77675,77862
Ohio,Sandusky County,61812,61788,61918,61784,61930,61865,61745,61571,61184,61039
Ohio,Scioto County,79168,78784,78652,78278,77788,77926,78285,78775,79133,79241
Ohio,Seneca County,58588,58376,58090,58006,57857,57664,57406,57289,57199,56897
Ohio,Shelby County,48360,48662,48671,48766,48791,49044,49099,49284,49454,49540
Ohio,Stark County,378036,377295,376867,376721,376663,376050,376180,376877,377141,376210
Ohio,Summit County,543442,544554,544866,545163,545037,545029,544660,544275,543116,542135
Ohio,Trumbull County,224912,223991,222484,220889,219540,217926,216185,214296,212191,211290
Ohio,Tuscarawas County,91043,91319,91735,92015,92348,92286,92271,92511,92634,92584
Ohio,Union County,41338,42859,43517,44665,45819,46952,48589,49906,50856,51798
Ohio,Van Wert County,29627,29430,29327,29288,29322,29264,29342,29182,29075,28849
Ohio,Vinton County,12825,12966,13076,13260,13308,13370,13516,13566,13452,13474
Ohio,Warren County,161716,167851,174833,181976,188904,195499,200630,205258,208640,211231
Ohio,Washington County,63180,62847,62638,62759,62924,62547,62387,62253,62040,61968
Ohio,Wayne County,111668,112161,112684,113067,113240,113603,114263,114224,114610,114588
Ohio,Williams County,39199,39085,38959,38753,38719,38546,38547,38532,38297,37950
Ohio,Wood County,121199,122013,122206,122826,124149,124698,125027,125285,125275,125384
Ohio,Wyandot County,22894,22787,22813,22816,22914,22820,22729,22716,22642,22644
Pennsylvania,Pennsylvania,12284173,12298970,12331031,12374658,12410722,12449990,12510809,12563937,12612285,12666858
Pennsylvania,Adams County,91457,92591,93934,95503,97300,98606,99899,100502,101056,101252
Pennsylvania,Allegheny County,1279651,1272416,1265577,1258420,1247531,1234787,1226025,1222482,1221071,1222171
Pennsylvania,Armstrong County,72268,71956,71747,71645,71404,70602,70030,69845,69611,69120
Pennsylvania,Beaver County,181054,179391,178277,177523,176395,174820,173259,172161,171336,170524
Pennsylvania,Bedford County,49928,49778,49742,49812,49829,49691,49871,49889,50052,49889
Pennsylvania,Berks County,374546,377487,381338,385846,390848,395933,401834,405223,407737,409904
Pennsylvania,Blair County,128981,128471,127631,127353,127194,126730,127002,127048,127112,127161
Pennsylvania,Bradford County,62756,62616,62585,62388,62386,62501,62345,62343,62318,62418
Pennsylvania,Bucks County,599085,602883,607157,610174,613763,616302,619544,621336,623297,624648
Pennsylvania,Butler County,174444,175621,177146,178289,178912,179522,181009,181690,182673,183337
Pennsylvania,Cambria County,152107,150902,149831,148836,147886,146975,146093,145283,144646,144186
Pennsylvania,Cameron County,5930,5875,5775,5702,5535,5431,5341,5274,5186,5106
Pennsylvania,Carbon County,58807,59318,59820,60452,61274,62358,63105,64339,64947,65204
Pennsylvania,Centre County,135965,137620,140821,142926,144238,145543,148734,149498,151645,153052
Pennsylvania,Chester County,435303,441024,447842,455111,462902,470506,479137,486156,491473,496291
Pennsylvania,Clarion County,41735,41547,41220,41293,40509,40458,40615,40399,40355,40173
Pennsylvania,Clearfield County,83465,82987,82925,82422,82040,81816,82461,82558,82130,81942
Pennsylvania,Clinton County,37926,37945,38007,38143,38227,38418,38730,38859,38955,39074
Pennsylvania,Columbia County,63936,64298,64601,65001,65337,65535,65882,66196,66645,67220
Pennsylvania,Crawford County,90306,90105,90031,89846,89682,89452,89496,89544,89023,89044
Pennsylvania,Cumberland County,213906,215087,217318,219351,221225,223361,226835,228718,231357,233910
Pennsylvania,Dauphin County,251911,252500,254339,255585,256194,257673,260312,263096,265395,267090
Pennsylvania,Delaware County,551536,552041,551929,552111,551508,552153,553806,554916,556246,558094
Pennsylvania,Elk County,35033,34778,34413,34144,33835,33385,33006,32833,32504,32208
Pennsylvania,Erie County,280803,280647,280379,280153,277864,277211,278389,278573,278686,279838
Pennsylvania,Fayette County,148214,146219,144817,143596,143494,142447,141165,140159,138813,137450
Pennsylvania,Forest County,5021,5355,5627,5909,6118,6964,7519,7512,7470,7737
Pennsylvania,Franklin County,129745,130604,131998,133583,135742,138927,142421,144840,147032,148662
Pennsylvania,Fulton County,14296,14201,14251,14416,14471,14540,14714,14900,14900,14828
Pennsylvania,Greene County,40591,40251,40096,39798,39464,39806,39342,39096,39074,38862
Pennsylvania,Huntingdon County,45620,45594,45705,45797,45790,45771,45684,45802,45853,45896
Pennsylvania,Indiana County,89518,89265,89133,89346,89041,88760,88716,88520,88807,88836
Pennsylvania,Jefferson County,45872,45644,45507,45537,45418,45353,45323,45335,45260,45073
Pennsylvania,Juniata County,22850,22892,23129,23434,23767,23986,24107,24238,24409,24549
Pennsylvania,Lackawanna County,212999,212692,211980,211769,211861,212305,212595,213513,214044,214138
Pennsylvania,Lancaster County,471955,475483,480118,485119,489977,494722,500922,506639,511957,516577
Pennsylvania,Lawrence County,94547,94085,93938,93696,93250,92741,92248,92007,91798,91391
Pennsylvania,Lebanon County,120309,120954,121698,123154,124644,126197,128302,130182,131574,132959
Pennsylvania,Lehigh County,312368,314823,317252,321588,326138,331327,336794,340848,344743,347237
Pennsylvania,Luzerne County,318842,316665,315711,315640,315439,316187,316837,318232,319210,320527
Pennsylvania,Lycoming County,119851,118930,118344,118108,117911,117530,116983,116524,116147,116081
Pennsylvania,McKean County,45748,45263,45419,44980,44582,44187,44309,44045,43856,43701
Pennsylvania,Mercer County,120211,119861,119476,119431,119113,118594,118123,117794,117189,116816
Pennsylvania,Mifflin County,46479,46535,46558,46420,46313,46377,46435,46551,46600,46662
Pennsylvania,Monroe County,139710,143775,148833,154027,158181,162045,165185,167352,168576,169390
Pennsylvania,Montgomery County,751335,759392,766056,772666,776493,779401,781519,785170,789250,795494
Pennsylvania,Montour County,18275,18294,18237,18239,18174,18183,18114,18107,18090,18165
Pennsylvania,Northampton County,267740,269363,272782,276735,281374,285198,289628,293212,295096,296645
Pennsylvania,Northumberland County,94823,94176,94024,93910,93692,93543,93475,93728,94150,94774
Pennsylvania,Perry County,43634,43804,43896,44216,44463,44741,45121,45454,45549,45874
Pennsylvania,Philadelphia County,1514563,1505455,1498493,1493802,1492882,1490861,1488710,1493309,1499731,1514694
Pennsylvania,Pike County,46380,47594,49063,50837,52293,54000,55601,56627,57739,57671
Pennsylvania,Potter County,18123,18146,18273,18168,18067,17914,17944,17659,17464,17382
Pennsylvania,Schuylkill County,149994,149175,148705,147792,147081,146976,148005,148387,148463,148358
Pennsylvania,Snyder County,37502,37955,38104,38319,38519,38448,38946,39295,39481,39550
Pennsylvania,Somerset County,80034,79523,79621,79754,79402,79015,78834,78490,78120,78025
Pennsylvania,Sullivan County,6577,6625,6592,6574,6554,6513,6487,6525,6462,6449
Pennsylvania,Susquehanna County,42260,42483,42410,42685,42930,43219,43376,43310,43405,43346
Pennsylvania,Tioga County,41309,41496,41638,41676,41724,41579,41347,41371,41609,41818
Pennsylvania,Union County,41622,42098,42372,42622,43287,43690,44666,44846,45057,44795
Pennsylvania,Venango County,57405,57091,56789,56590,56196,56016,55761,55510,55315,55087
Pennsylvania,Warren County,43716,43562,43184,42896,42667,42218,41972,41963,41853,41831
Pennsylvania,Washington County,203008,203179,203104,203859,204090,205359,205992,206259,207240,207571
Pennsylvania,Wayne County,47843,47994,48330,48938,49423,50409,52031,52341,51692,52552
Pennsylvania,Westmoreland County,369664,368698,367680,367836,367281,366946,366559,366318,366058,365259
Pennsylvania,Wyoming County,28038,28119,28011,28074,28195,28160,28194,28287,28294,28268
Pennsylvania,York County,382743,385773,389692,395093,401403,409066,418043,424919,429399,433022
Texas,Texas,20944499,21319622,21690325,22030931,22394023,22778123,23359580,23831983,24309039,24801761
Texas,Anderson County,55062,54263,54740,56068,56245,56873,57386,57870,57963,58410
Texas,Andrews County,12949,12856,13022,12976,13006,13016,13195,13513,14099,14601
Texas,Angelina County,80270,80273,80803,81510,82070,82553,83810,84518,84961,86029
Texas,Aransas County,22452,22287,22616,22843,23067,23561,23395,23172,23225,23291
Texas,Archer County,8966,8849,8942,9013,9078,9068,9063,9026,9104,9023
Texas,Armstrong County,2166,2128,2036,2001,2023,2037,1989,1936,1936,1911
Texas,Atascosa County,38805,39828,40767,41306,42109,42495,43059,43611,43947,44623
Texas,Austin County,23836,24341,24818,25388,25976,26331,26828,27454,27935,28254
Texas,Bailey County,6596,6636,6637,6791,6945,7024,7001,6927,6979,7050
Texas,Bandera County,17755,18125,18652,19044,19226,19428,19775,20254,20407,20365
Texas,Bastrop County,58234,61106,63508,65825,67122,68233,69720,71348,72389,73587
Texas,Baylor County,4135,3930,3897,3941,3955,3877,3870,3905,3747,3726
Texas,Bee County,32200,31695,31804,32620,32352,32101,31977,31936,31814,31864
Texas,Bell County,239890,244299,249671,252922,258138,266017,273771,287752,297873,301050
Texas,Bexar County,1398834,1419020,1446755,1469623,1500919,1529270,1573935,1615210,1651709,1685628
Texas,Blanco County,8495,8776,8950,9096,9337,9554,9686,9835,10061,10315
Texas,Borden County,715,677,685,666,671,638,634,597,612,618
Texas,Bosque County,17218,17338,17474,17647,17871,17990,18046,18077,17939,18004
Texas,Bowie County,89156,88942,88813,88839,89055,89239,90235,90456,91349,92231
Texas,Brazoria County,243116,248280,255246,261269,268051,274336,284248,293296,301336,309236
Texas,Brazos County,153145,155533,159297,163279,166150,169824,175433,179472,185098,191434
Texas,Brewster County,8903,8836,8945,9030,9002,8830,8790,8843,8868,9054
Texas,Briscoe County,1796,1764,1746,1763,1768,1726,1704,1647,1651,1634
Texas,Brooks County,7944,7669,7668,7627,7593,7562,7490,7413,7345,7297
Texas,Brown County,37689,37599,37766,37654,37940,38172,38492,38221,38135,38001
Texas,Burleson County,16553,16650,16666,16881,16964,17167,17000,16982,17025,17076
Texas,Burnet County,34505,35741,36850,37776,38966,39798,41109,42026,42477,42611
Texas,Caldwell County,32378,33654,34715,35330,36200,36388,36533,36906,37671,37829
Texas,Calhoun County,20676,20762,20550,20575,20692,20715,20839,20888,21127,21388
Texas,Callahan County,12885,12703,12799,12913,13156,13281,13309,13418,13474,13548
Texas,Cameron County,336123,342368,350194,358492,366299,373429,380169,386306,393000,400303
Texas,Camp County,11568,11399,11549,11582,11715,11990,12068,12253,12331,12364
Texas,Carson County,6492,6385,6508,6391,6381,6449,6413,6361,6260,6220
Texas,Cass County,30412,30134,30120,30065,30053,30088,30095,30176,30217,30297
Texas,Castro County,8229,8155,8083,8037,7947,7908,7780,7737,7758,7856
Texas,Chambers County,26188,26811,27490,28021,28749,29388,29980,30714,31619,34230
Texas,Cherokee County,46790,47007,47136,47832,48315,48751,49162,49669,49976,50447
Texas,Childress County,7676,7531,7428,7411,7366,7205,7214,7148,7123,7030
Texas,Clay County,11064,11131,11292,11270,11278,11317,11157,11051,10843,10832
Texas,Cochran County,3707,3674,3521,3490,3373,3338,3257,3194,3100,3086
Texas,Coke County,3844,3810,3732,3678,3559,3540,3492,3375,3348,3310
Texas,Coleman County,9180,9103,8937,8827,8817,8739,8853,8774,8899,8867
Texas,Collin County,499118,534642,563565,589394,617802,647187,683935,714330,741264,765791
Texas,Collingsworth County,3193,3086,3093,3026,3028,2980,2952,2973,3017,3042
Texas,Colorado County,20326,20125,20328,20507,20450,20493,20608,20648,20818,20784
Texas,Comal County,78583,80630,82797,84837,88119,91018,95637,99540,103272,106350
Texas,Comanche County,13998,13710,13582,13526,13646,13746,13814,13775,13834,13912
Texas,Concho County,3963,3921,3959,3991,4018,4039,3957,4018,4108,4076
Texas,Cooke County,36433,36844,37390,37598,37815,38143,38241,38252,38223,38413
Texas,Coryell County,75199,74083,73135,71364,71943,72610,72217,73324,74552,74673
Texas,Cottle County,1883,1774,1726,1699,1679,1653,1577,1513,1527,1509
Texas,Crane County,3951,3893,3891,3847,3865,3840,3855,3976,4157,4333
Texas,Crockett County,4012,3844,3841,3862,3857,3851,3739,3759,3783,3740
Texas,Crosby County,7053,6955,6852,6718,6625,6521,6466,6262,6192,6057
Texas,Culberson County,2948,2865,2829,2778,2695,2648,2587,2536,2490,2384
Texas,Dallam County,6224,6210,6159,6148,6208,6238,6205,6336,6506,6571
Texas,Dallas County,2220848,2249418,2250326,2246432,2244020,2250830,2275434,2291891,2314018,2346378
Texas,Dawson County,14935,14863,14429,14354,14062,14092,13987,13865,13804,13741
Texas,Deaf Smith County,18515,18391,18439,18454,18671,18737,18770,18916,19054,19084
Texas,Delta County,5323,5295,5366,5310,5409,5314,5355,5199,5252,5180
Texas,Denton County,438791,463688,487617,509732,529811,553669,584561,609001,630104,649702
Texas,DeWitt County,19943,20066,20015,20034,20176,20342,20108,19961,19902,20048
Texas,Dickens County,2724,2653,2679,2670,2641,2563,2466,2461,2400,2423
Texas,Dimmit County,10160,10030,10042,10075,9964,10031,9972,9845,9833,9848
Texas,Donley County,3813,3829,3825,3898,3915,3833,3779,3806,3688,3670
Texas,Duval County,13007,12830,12707,12570,12539,12426,12298,12097,11945,11917
Texas,Eastland County,18296,18061,18252,18333,18442,18533,18545,18636,18520,18497
Texas,Ector County,120694,120802,122199,122739,124163,125378,127476,130459,133064,136930
Texas,Edwards County,2143,2070,2056,2042,2027,2011,1995,2062,2084,2012
Texas,Ellis County,112330,115286,118737,122620,125733,129955,135276,139988,144394,147392
Texas,El Paso County,681729,689163,696446,705200,717652,728095,744795,755578,769930,786759
Texas,Erath County,33057,33045,33619,34131,34887,35336,36355,36678,37137,37594
Texas,Falls County,18522,18280,18090,18086,18066,17990,17945,17712,17698,17762
Texas,Fannin County,31334,31400,31808,32380,32692,33221,33540,33644,33870,33865
Texas,Fayette County,21864,22397,22668,22910,23107,23342,23631,23898,24347,24470
Texas,Fisher County,4340,4257,4242,4191,4118,4135,4098,4080,4065,4014
Texas,Floyd County,7734,7452,7289,7364,7130,6983,6855,6683,6528,6508
Texas,Foard County,1594,1606,1536,1513,1492,1439,1432,1383,1334,1321
Texas,Fort Bend County,358738,375708,397943,418747,441139,462953,490916,516564,542957,569130
Texas,Franklin County,9459,9521,9536,9597,9731,10745,10755,10799,10604,10601
Texas,Freestone County,17902,18127,18395,18483,18684,18843,19123,19162,19446,19743
Texas,Frio County,16203,16315,16467,16477,16532,16618,16720,16776,16939,17120
Texas,Gaines County,14473,14451,14453,14747,14978,15331,15707,16187,16641,17163
Texas,Galveston County,250675,254521,260096,265269,269760,274806,279182,283770,288643,287428
Texas,Garza County,4904,5275,5385,5531,5800,5742,5996,6049,6158,6368
Texas,Gillespie County,20902,21104,21585,22128,22454,22858,23487,23787,24206,24608
Texas,Glasscock County,1407,1351,1339,1332,1290,1273,1202,1164,1218,1224
Texas,Goliad County,7007,7020,7051,7135,7071,7070,7121,7142,7164,7157
Texas,Gonzales County,18642,18714,18882,19181,19370,19656,19633,19512,19538,19628
Texas,Gray County,22578,22171,21940,21762,21551,21776,22100,22438,22772,22719
Texas,Grayson County,110939,112330,113239,114421,114998,115666,117174,118331,118834,120069
Texas,Gregg County,111255,111791,112767,113775,114541,115402,117118,118260,119157,121238
Texas,Grimes County,23601,24219,24736,25016,25209,25350,25639,26046,26273,26422
Texas,Guadalupe County,89841,92626,95246,98137,101495,105585,111878,117667,123398,128265
Texas,Hale County,36581,35876,35598,35553,36259,36066,36162,36080,35662,35926
Texas,Hall County,3749,3750,3709,3699,3665,3613,3582,3440,3398,3343
Texas,Hamilton County,8239,8169,8069,8225,8181,8263,8389,8452,8497,8527
Texas,Hansford County,5347,5299,5242,5216,5209,5258,5293,5365,5512,5556
Texas,Hardeman County,4718,4609,4547,4534,4474,4417,4409,4296,4187,4086
Texas,Hardin County,48162,48463,49045,49472,50220,51141,51470,52446,53206,54228
Texas,Harris County,3414239,3471291,3536682,3586133,3630185,3681829,3807435,3863344,3938580,4034866
Texas,Harrison County,62040,62256,62062,62018,62583,62811,63699,63661,64107,65185
Texas,Hartley County,5561,5601,5364,5789,5800,5794,5911,6047,5820,5970
Texas,Haskell County,6062,6034,5915,5883,5851,5904,5817,5802,5839,5862
Texas,Hays County,99267,104739,111397,115665,119395,125302,132111,140480,147674,153619
Texas,Hemphill County,3335,3327,3357,3362,3410,3480,3523,3538,3680,3802
Texas,Henderson County,73332,73762,74712,76349,77807,78001,78404,78178,78033,78231
Texas,Hidalgo County,573216,590067,610520,632475,653779,674982,695352,715264,736694,757468
Texas,Hill County,32539,32766,33120,33755,34064,34203,34484,34650,34997,35005
Texas,Hockley County,22670,22662,22745,22955,22919,23094,22912,22844,22958,23086
Texas,Hood County,41323,42425,43344,44448,45411,46470,47952,48870,50112,50841
Texas,Hopkins County,31999,32203,32335,32625,33061,33330,33746,34331,34472,34919
Texas,Houston County,23135,23122,23257,23336,23578,23500,23551,23641,23635,23660
Texas,Howard County,33489,33279,33479,33396,33403,33277,33328,33817,34393,34882
Texas,Hudspeth County,3357,3405,3398,3345,3345,3416,3459,3462,3374,3423
Texas,Hunt County,76932,78431,80234,80958,82092,82822,83770,84351,84447,85261
Texas,Hutchinson County,23778,23247,23116,22773,22478,22209,22176,22138,21851,22184
Texas,Irion County,1758,1673,1697,1672,1629,1613,1649,1609,1571,1587
Texas,Jack County,8752,8710,8916,8965,9028,9092,9177,9068,9030,9057
Texas,Jackson County,14397,14187,14172,14070,14039,14037,13954,13857,13957,14089
Texas,Jasper County,35552,35722,35692,35580,35493,35558,34861,35069,35170,35331
Texas,Jeff Davis County,2233,2234,2201,2235,2242,2249,2264,2277,2316,2326
Texas,Jefferson County,251667,250137,250146,250183,250638,250849,245962,247629,249430,251332
Texas,Jim Hogg County,5275,5194,5220,5148,5173,5194,5160,5131,5198,5260
Texas,Jim Wells County,39361,39701,39821,40008,40309,40449,40393,40654,40554,40633
Texas,Johnson County,127627,130795,133399,136264,138833,140692,142501,145123,148635,150583
Texas,Jones County,20754,20294,20293,20355,20298,20232,20242,20102,20131,20093
Texas,Karnes County,15403,15340,15178,15119,15109,14967,14985,14900,14867,14805
Texas,Kaufman County,72270,75223,77693,81322,84240,87388,91395,95694,99285,101709
Texas,Kendall County,23980,24433,24975,25892,26650,27849,29134,30330,31754,32655
Texas,Kenedy County,420,421,429,428,440,457,426,415,410,403
Texas,Kent County,833,808,815,795,791,784,770,788,787,793
Texas,Kerr County,43848,44331,44894,45278,46054,46809,47840,48352,48852,49427
Texas,Kimble County,4484,4494,4521,4510,4562,4609,4578,4518,4520,4623
Texas,King County,358,313,308,311,316,289,285,284,272,279
Texas,Kinney County,3387,3419,3463,3394,3395,3449,3488,3546,3507,3568
Texas,Kleberg County,31590,31315,31413,31339,31362,31242,31149,31370,31555,31876
Texas,Knox County,4253,4070,4044,4018,3940,3822,3788,3721,3650,3647
Texas,Lamar County,48596,48522,48826,49159,49233,49344,49386,49387,49467,49600
Texas,Lamb County,14663,14566,14658,14675,14584,14583,14338,14270,14036,13791
Texas,Lampasas County,17900,18027,18425,18579,19664,18906,19472,19728,19812,19652
Texas,La Salle County,5898,5934,6098,6169,6322,6542,6549,6675,6653,6771
Texas,Lavaca County,19190,18958,19101,19152,19130,19185,19181,19238,19185,19226
Texas,Lee County,15701,16008,16131,16234,16220,16330,16348,16421,16550,16565
Texas,Leon County,15395,15452,15718,15795,15837,16104,16334,16390,16832,16862
Texas,Liberty County,70576,71679,73280,73734,74285,74303,74269,74515,74915,75041
Texas,Limestone County,22053,22159,22486,22721,22942,22919,23093,23090,23065,23173
Texas,Lipscomb County,3025,2948,3033,3097,3028,3057,3115,3178,3183,3326
Texas,Live Oak County,12233,12071,11955,11768,11689,11631,11559,11528,11479,11410
Texas,Llano County,17077,17499,17872,18153,18220,18425,18502,18935,19034,19175
Texas,Loving County,65,66,75,72,55,70,75,79,61,77
Texas,Lubbock County,243109,246616,249407,253388,255669,257779,261761,265215,268197,274252
Texas,Lynn County,6489,6444,6421,6232,6172,6178,6192,5989,5932,5927
Texas,McCulloch County,8175,8034,7927,8033,8164,8117,8183,8105,8203,8365
Texas,McLennan County,213967,215099,216571,218744,221353,222794,224452,226741,229037,231679
Texas,McMullen County,843,819,795,801,735,789,765,773,736,699
Texas,Madison County,12967,13680,12797,12989,13146,13136,13264,13353,13340,13483
Texas,Marion County,10950,11077,11032,11120,11004,10980,10992,10951,10748,10669
Texas,Martin County,4720,4697,4654,4553,4398,4447,4443,4494,4558,4710
Texas,Mason County,3734,3743,3725,3762,3811,3813,3862,3897,3876,3982
Texas,Matagorda County,37873,37804,37662,37695,37388,37132,36743,36452,36708,36579
Texas,Maverick County,47343,47594,48408,49123,49627,50140,50951,51367,52190,53434
Texas,Medina County,39484,40053,40707,41549,42363,42977,43936,44577,45131,45605
Texas,Menard County,2342,2321,2340,2311,2265,2212,2199,2176,2217,2227
Texas,Midland County,115560,116180,117717,119164,120746,122516,125844,128954,132502,136238
Texas,Milam County,24290,24445,24981,24917,25136,25017,25082,24946,25065,24864
Texas,Mills County,5107,4983,4973,4885,4880,4957,4854,4871,4876,4877
Texas,Mitchell County,9628,9576,9420,9366,9280,9322,9279,9339,9285,9399
Texas,Montague County,19166,19196,19170,19388,19444,19551,19781,19822,19882,19768
Texas,Montgomery County,297296,311437,326466,341499,357607,372541,392497,411416,429818,445836
Texas,Moore County,20121,20281,20155,20223,20389,20312,20558,20469,20917,21575
Texas,Morris County,13027,13179,13170,13139,12983,13012,13168,13251,13092,12954
Texas,Motley County,1435,1340,1311,1319,1270,1257,1236,1228,1197,1200
Texas,Nacogdoches County,59224,59541,59422,59816,60427,60939,61750,62274,62957,64012
Texas,Navarro County,45202,45577,45937,46078,46545,46854,47338,47272,47408,47584
Texas,Newton County,15038,15023,14945,14938,14560,14625,14349,14335,14393,14446
Texas,Nolan County,15947,15503,15194,15148,15013,14745,14740,14750,15093,15128
Texas,Nueces County,313673,313670,316256,317632,321879,325515,329113,330512,333526,338220
Texas,Ochiltree County,8988,9134,9106,8981,9149,9384,9557,9812,9962,10225
Texas,Oldham County,2186,2132,2069,2072,2039,2010,2010,1992,2004,2040
Texas,Orange County,84930,84108,83813,83553,83580,83500,81687,82255,82612,81586
Texas,Palo Pinto County,27074,27128,27144,27294,27276,27511,27859,27679,27916,28071
Texas,Panola County,22764,22773,22953,23021,22892,23140,23456,23351,23537,23678
Texas,Parker County,89159,91660,94092,97041,99320,101891,105387,109408,112911,115802
Texas,Parmer County,9991,9842,10032,10155,10168,10099,10035,10075,9994,10082
Texas,Pecos County,16667,16284,16084,15709,15554,15385,15403,15321,15251,15490
Texas,Polk County,41539,42945,43928,44779,45315,45472,45495,45727,45794,45537
Texas,Potter County,113762,114307,115427,117067,117682,118771,119780,119537,119740,120118
Texas,Presidio County,7355,7409,7534,7583,7561,7719,7638,7712,7683,7593
Texas,Rains County,9196,9664,9985,10290,10446,10589,10830,10994,11022,10956
Texas,Randall County,104609,105399,106286,107607,109441,111113,112464,114782,116518,119084
Texas,Reagan County,3290,3230,3189,3130,3161,3143,3160,3260,3339,3377
Texas,Real County,3067,3020,3020,3123,3138,3154,3264,3308,3241,3274
Texas,Red River County,14297,14156,13914,13703,13584,13444,13237,13072,12922,12835
Texas,Reeves County,13115,13022,13017,12910,12721,12675,12747,13039,13211,13550
Texas,Refugio County,7827,7765,7665,7563,7630,7601,7548,7414,7430,7410
Texas,Roberts County,884,880,862,825,841,855,849,887,904,929
Texas,Robertson County,16062,16132,16053,16074,16260,16509,16581,16546,16535,16604
Texas,Rockwall County,43755,46697,50078,53397,56477,60349,66117,70851,73929,76654
Texas,Runnels County,11458,11148,11002,10815,10774,10842,10587,10506,10444,10392
Texas,Rusk County,47456,47837,48244,48540,49160,49703,50415,51278,52195,52799
Texas,Sabine County,10388,10435,10477,10482,10498,10445,10583,10541,10565,10721
Texas,San Augustine County,8959,8860,8985,9034,9085,9060,9128,9048,9039,8938
Texas,San Jacinto County,22549,22897,23415,24100,24756,25014,25151,25719,25889,26086
Texas,San Patricio County,67333,66690,66820,66440,66990,67232,67022,66723,66417,65751
Texas,San Saba County,6268,6181,6042,5981,6045,5982,5985,5985,5965,6026
Texas,Schleicher County,2929,3016,3036,2958,2991,3071,3085,3198,3255,3311
Texas,Scurry County,16251,15838,15982,15931,16118,16085,16232,16431,16478,16806
Texas,Shackelford County,3297,3334,3388,3349,3290,3286,3287,3357,3314,3362
Texas,Shelby County,25212,25171,25155,25407,25212,25299,25324,25433,25381,25520
Texas,Sherman County,3181,3131,3164,3113,3045,2970,2946,2969,3035,3018
Texas,Smith County,175658,177836,181107,184254,187300,191362,196124,199953,203263,207111
Texas,Somervell County,6940,7017,7229,7400,7502,7629,7853,7996,8233,8415
Texas,Starr County,53733,54294,55412,56704,57857,58284,59050,59529,59763,60384
Texas,Stephens County,9636,9455,9374,9407,9327,9409,9450,9513,9556,9675
Texas,Sterling County,1358,1341,1326,1285,1261,1198,1124,1152,1169,1160
Texas,Stonewall County,1664,1568,1487,1452,1427,1393,1425,1439,1443,1433
Texas,Sutton County,4024,4032,4072,4029,4124,4203,4299,4314,4321,4272
Texas,Swisher County,8341,8248,8071,8062,8004,7910,7901,7855,7802,7680
Texas,Tarrant County,1456919,1490204,1524249,1553086,1580595,1612048,1662005,1707157,1745602,1784078
Texas,Taylor County,126649,125920,125920,125542,126702,127248,127838,128503,128903,130247
Texas,Terrell County,1059,1017,1009,995,939,942,921,886,884,930
Texas,Terry County,12705,12473,12559,12534,12532,12417,12448,12424,12394,12550
Texas,Throckmorton County,1831,1791,1739,1702,1652,1695,1710,1653,1635,1654
Texas,Titus County,28138,28100,28387,28947,29461,28803,29541,30231,30963,31749
Texas,Tom Green County,104083,103923,104035,104330,104744,104974,106125,106680,107639,108879
Texas,Travis County,819692,844877,848090,856315,870809,891266,925151,955399,980699,1006503
Texas,Trinity County,13793,13852,14033,14156,14246,14395,14376,14425,14380,14472
Texas,Tyler County,20854,20657,20825,20823,21038,20935,21034,21279,21570,21737
Texas,Upshur County,35402,35746,36739,37232,37530,37957,38004,38275,38706,39084
Texas,Upton County,3376,3231,3273,3202,3168,3117,3174,3123,3231,3327
Texas,Uvalde County,25900,25939,26309,26258,26205,26368,26301,26217,26206,26223
Texas,Val Verde County,45020,45144,45495,46184,46941,47108,47401,47676,47882,48463
Texas,Van Zandt County,48324,48932,49953,50293,51366,51579,52194,52151,52470,52359
Texas,Victoria County,83937,84491,84573,84674,84718,84453,84528,85261,85762,86635
Texas,Walker County,61768,62444,62216,63609,64551,65676,65591,65517,65726,66748
Texas,Waller County,32843,33747,35060,36333,36850,37242,38260,39809,40578,42087
Texas,Ward County,10808,10459,10337,10237,10189,10232,10301,10275,10588,10734
Texas,Washington County,30423,30433,30741,30995,31330,31710,32199,32434,32869,33459
Texas,Webb County,194576,200347,206001,211786,217858,223703,229307,234594,240287,245908
Texas,Wharton County,41220,40991,40915,41026,40992,40987,41073,40845,40893,40998
Texas,Wheeler County,5253,5170,5094,4926,4934,4945,5055,5138,5199,5375
Texas,Wichita County,131817,130790,130761,130411,131677,130767,131376,130564,130340,130913
Texas,Wilbarger County,14613,14299,14248,14023,13879,13830,13835,13746,13506,13575
Texas,Willacy County,20076,20016,20198,20418,20767,21229,21463,21576,21763,21862
Texas,Williamson County,255379,276940,290112,302895,316532,332169,351970,373723,395437,410800
Texas,Wilson County,32721,33408,34254,35458,36721,37706,39007,40354,41657,42181
Texas,Winkler County,7083,7056,6960,6738,6735,6578,6642,6775,7024,7128
Texas,Wise County,49373,50927,52381,53691,54497,55613,56569,57247,58181,59134
Texas,Wood County,36811,37288,37633,38915,39600,39917,41099,41414,41722,41870
Texas,Yoakum County,7274,7299,7212,7235,7362,7404,7404,7588,7765,7908
Texas,Young County,17846,17659,17665,17892,17921,17801,18227,18135,18104,18466
Texas,Zapata County,12088,12266,12514,12584,12727,13043,13069,13388,13640,13876
Texas,Zavala County,11636,11596,11616,11513,11512,11565,11642,11657,11725,11544
Virginia,Virginia,7105817,7198362,7286873,7366977,7475575,7577105,7673725,7751000,7833496,7925937
Virginia,Accomack County,38215,37742,37308,36742,36310,35835,35192,34553,33970,33415
Virginia,Albemarle County,83532,85002,86150,87620,89491,91676,93852,95009,97081,98071
Virginia,Alleghany County,17213,17082,16953,16687,16645,16580,16564,16530,16404,16306
Virginia,Amelia County,11446,11481,11540,11544,11712,11943,12250,12447,12563,12594
Virginia,Amherst County,31854,31953,31775,31810,31783,31955,32094,32203,32510,32447
Virginia,Appomattox County,13692,13809,13733,13765,13916,13981,14215,14425,14795,14812
Virginia,Arlington County,189198,190386,190137,188735,187901,187760,188176,190759,196305,202637
Virginia,Augusta County,65572,66124,66735,67660,68899,69949,71896,73041,73555,73844
Virginia,Bath County,5020,4997,5012,4974,4934,4891,4823,4835,4778,4743
Virginia,Bedford County,60472,60985,61580,62441,63563,64825,66363,67392,67594,68399
Virginia,Bland County,6833,6876,6836,6913,6913,6873,6840,6930,6921,6868
Virginia,Botetourt County,30648,30748,31155,31454,31715,31803,32491,32681,32955,33042
Virginia,Brunswick County,18387,18331,18236,18072,17981,17981,18011,17823,17791,17507
Virginia,Buchanan County,26838,26501,26299,25941,25647,25315,25009,24670,24371,24234
Virginia,Buckingham County,15634,15857,15908,16057,16168,16401,16547,16737,16819,17148
Virginia,Campbell County,51082,51349,51685,51885,52093,52795,53475,53769,54232,54472
Virginia,Caroline County,22136,22168,22566,23135,23920,25475,26722,27592,28011,28263
Virginia,Carroll County,29264,29448,29415,29472,29670,29660,29894,29933,30067,30002
Virginia,Charles City County,6930,6952,7030,7091,7050,7060,7156,7148,7232,7216
Virginia,Charlotte County,12476,12481,12590,12465,12524,12631,12731,12680,12654,12588
Virginia,Chesterfield County,261047,265544,270741,276300,283030,289998,298496,304636,309837,313096
Virginia,Clarke County,12672,12862,12950,13110,13413,13710,13939,13969,14092,14015
Virginia,Craig County,5073,5056,5065,5097,5142,5139,5158,5212,5167,5120
Virginia,Culpeper County,34442,35299,36612,38121,39670,41894,44076,45527,46056,46236
Virginia,Cumberland County,8987,9002,9093,9216,9223,9465,9596,9762,9849,10013
Virginia,Dickenson County,16322,16237,16074,16018,16003,16111,15958,15971,16078,15925
Virginia,Dinwiddie County,24674,24666,25038,25415,25770,26149,26590,27078,27694,27888
Virginia,Essex County,9984,9994,10074,10201,10238,10445,10576,10739,10920,11104
Virginia,Fairfax County,975476,991564,998613,1003070,1010938,1019490,1018981,1027727,1044178,1065142
Virginia,Fauquier County,55470,56878,58522,59863,61319,62686,63761,64122,64558,64907
Virginia,Floyd County,13909,14086,14172,14261,14371,14588,14762,14823,15101,15150
Virginia,Fluvanna County,20191,21027,21921,22835,23451,24318,24638,25134,25461,25576
Virginia,Franklin County,47546,48384,49167,50012,51001,51976,53037,54447,55284,55732
Virginia,Frederick County,59639,61360,63313,65379,67442,69921,72456,74670,76060,77477
Virginia,Giles County,16738,16799,16800,16821,16786,16963,17161,17138,17168,17264
Virginia,Gloucester County,34793,34852,35103,35454,35714,36011,36220,36466,36638,36778
Virginia,Goochland County,16935,17250,17610,18062,18570,19349,20176,20869,21285,21604
Virginia,Grayson County,16782,16548,16558,16414,16301,16153,16096,16066,15938,15696
Virginia,Greene County,15454,15793,16308,16677,16895,17155,17607,17972,18131,18237
Virginia,Greensville County,11566,11605,11639,11876,11428,12063,12048,12147,12206,12272
Virginia,Halifax County,37299,37003,36919,36645,36382,36340,36383,36338,36347,36293
Virginia,Hanover County,86972,88845,91370,93466,95295,96451,98025,98830,99404,99651
Virginia,Henrico County,264385,267722,270608,274555,280290,286441,291460,296408,300198,304763
Virginia,Henry County,57903,57393,56986,56506,56183,55651,55464,55284,55073,54402
Virginia,Highland County,2529,2530,2450,2490,2442,2463,2479,2424,2403,2363
Virginia,Isle of Wight County,29849,30119,30497,31224,31899,32566,33716,34581,34955,35270
Virginia,James City County,48536,49786,51722,53734,56182,58428,61133,63007,64436,66118
Virginia,King and Queen County,6620,6607,6586,6558,6739,6792,6915,6948,6916,6893
Virginia,King George County,16916,17136,17717,18326,19124,20476,21519,22444,22996,23335
Virginia,King William County,13238,13412,13589,13808,13975,14278,14874,15296,15604,15768
Virginia,Lancaster County,11549,11401,11417,11519,11514,11533,11551,11573,11481,11403
Virginia,Lee County,23548,23320,24278,24967,25168,25150,25228,25322,25463,25578
Virginia,Loudoun County,173907,189910,203543,220366,238299,254909,267194,279704,292570,303661
Virginia,Louisa County,25819,26320,27027,27867,28582,29835,30946,31716,32475,32840
Virginia,Lunenburg County,13093,13050,13109,13064,12952,13030,13070,13024,12936,12887
Virginia,Madison County,12535,12643,12838,12865,12902,13106,13291,13429,13332,13358
Virginia,Mathews County,9142,9145,9118,9091,9021,8962,8987,9026,9041,8997
Virginia,Mecklenburg County,32384,32425,32528,32546,32547,32554,32642,32823,32920,32815
Virginia,Middlesex County,9932,10007,10029,10238,10399,10526,10732,10763,10806,10875
Virginia,Montgomery County,83799,85236,85746,86708,87289,88696,90062,91548,92724,93772
Virginia,Nelson County,14451,14496,14614,14718,14699,14828,14809,14993,15050,15090
Virginia,New Kent County,13537,13876,14192,14764,15317,15953,16680,17254,17728,18057
Virginia,Northampton County,13025,12843,12729,12714,12759,12771,12776,12649,12586,12460
Virginia,Northumberland County,12229,12239,12451,12543,12487,12501,12430,12466,12496,12379
Virginia,Nottoway County,15773,15849,15756,15693,15628,15795,15719,15799,15847,15894
Virginia,Orange County,25981,26431,27128,27951,28658,29990,31438,32273,33077,33329
Virginia,Page County,23149,23171,23265,23531,23527,23708,24045,24222,24208,24076
Virginia,Patrick County,19418,19293,19071,18979,18836,18802,18766,18748,18677,18562
Virginia,Pittsylvania County,61835,62037,61975,62107,62279,62467,62586,62803,63472,63386
Virginia,Powhatan County,22585,23090,24105,24888,25568,26372,27391,27599,27745,27983
Virginia,Prince Edward County,19708,19737,20264,20203,20639,21341,21722,22293,22959,23260
Virginia,Prince George County,33100,33586,34258,34345,34925,34798,34575,34466,35059,35828
Virginia,Prince William County,284565,298843,311749,323377,337439,350612,359174,368016,374776,389001
Virginia,Pulaski County,35144,35120,34817,34789,34829,34748,34891,35058,35051,34988
Virginia,Rappahannock County,6980,7157,7197,7200,7289,7384,7348,7403,7420,7333
Virginia,Richmond County,8803,8924,9003,9103,9202,9213,9328,9426,9386,9251
Virginia,Roanoke County,85744,85941,86569,87338,88177,89245,90489,91120,91704,92215
Virginia,Rockbridge County,20835,20905,20989,21189,21432,21738,21931,22228,22363,22269
Virginia,Rockingham County,67977,68671,69315,69975,70789,72030,73000,74274,75075,75850
Virginia,Russell County,29251,29001,28741,28766,28546,28508,28618,28889,28831,29012
Virginia,Scott County,23351,23127,23048,22978,22954,23084,23272,23302,23237,23212
Virginia,Shenandoah County,35240,35835,36525,37309,38272,39406,40610,41214,41720,41743
Virginia,Smyth County,33079,32931,32849,32733,32570,32519,32632,32449,32386,32283
Virginia,Southampton County,17493,17489,17353,17409,17535,17810,18028,18571,18706,18607
Virginia,Spotsylvania County,91387,96326,101802,106525,110580,115017,117891,119083,120195,121038
Virginia,Stafford County,93625,98320,103943,109166,113798,117611,119892,122526,124323,126449
Virginia,Surry County,6833,6829,6886,6901,6873,6865,6991,7042,7061,7037
Virginia,Sussex County,12456,12318,12109,12205,12014,11933,12193,12191,12215,12175
Virginia,Tazewell County,44418,43985,43995,44042,44102,44025,44195,44169,45020,45069
Virginia,Warren County,31690,32222,33031,33797,34434,35405,36231,36814,37259,37240
Virginia,Washington County,51230,51441,51670,51908,52341,52940,53322,54216,54475,54722
Virginia,Westmoreland County,16644,16518,16528,16718,16658,16757,16841,17127,17305,17448
Virginia,Wise County,42077,41810,41667,41640,41591,41585,41531,41543,41489,41454
Virginia,Wythe County,27621,27585,27710,27859,27947,28349,28628,28827,29123,29216
Virginia,York County,57119,58651,60126,60620,61926,63076,63912,64710,64944,65197
Virginia,Alexandria city,129225,130932,130614,129421,128765,128181,127676,129175,132949,137523
Virginia,Bedford city,6425,6400,6320,6237,6198,6186,6147,6169,6150,6174
Virginia,Bristol city,17289,17330,17087,17465,17536,17493,17684,17540,17631,17842
Virginia,Buena Vista city,6381,6423,6412,6555,6588,6634,6679,6618,6664,6677
Virginia,Charlottesville city,41351,41436,41449,40695,40281,40597,41066,41538,42130,43054
Virginia,Chesapeake city,200224,202325,203970,206909,211927,215128,217271,217450,218458,220176
Virginia,Colonial Heights city,16905,17002,17026,17056,17296,17348,17604,17462,17387,17525
Virginia,Covington city,6281,6319,6283,6230,6192,6073,5979,6057,5991,5948
Virginia,Danville city,48104,47415,46929,46515,45788,45086,44586,44162,43765,43496
Virginia,Emporia city,5655,5618,5736,5693,5659,5657,5734,5755,5820,5865
Virginia,Fairfax city,21600,21668,21603,21518,21160,20860,21407,21682,22112,22418
Virginia,Falls Church city,10441,10550,10600,10596,10589,10840,10852,10947,11219,11787
Virginia,Franklin city,8269,8160,8044,8113,8177,8278,8489,8611,8538,8489
Virginia,Fredericksburg city,19461,20061,20501,20659,21567,21660,22479,22898,23277,23775
Virginia,Galax city,6921,6775,6738,6744,6790,6821,6879,6880,6888,6966
Virginia,Hampton city,146054,143432,141844,140413,140200,141314,140839,140222,138957,137833
Virginia,Harrisonburg city,40437,41646,42837,43176,43753,44572,45858,46551,47286,48294
Virginia,Hopewell city,22277,22147,22291,22046,21998,22131,22295,22549,22576,22455
Virginia,Lexington city,6825,6858,6842,6750,6810,6903,6978,6956,6963,7006
Virginia,Lynchburg city,65330,65003,65263,66496,67021,68773,70919,72869,74018,75137
Virginia,Manassas city,34914,35341,35878,36253,36564,36452,35631,34969,34858,36674
Virginia,Manassas Park city,10305,10777,11150,11357,11982,12451,12490,12677,12744,13613
Virginia,Martinsville city,15331,15173,14867,14796,14448,14405,14281,14042,14040,14012
Virginia,Newport News city,180236,181873,183061,183404,185204,183651,183581,182528,181287,181000
Virginia,Norfolk city,234986,236489,241704,239286,243836,239650,243406,241248,241201,241725
Virginia,Norton city,3916,3896,3929,3944,3847,3767,3825,3869,3861,3903
Virginia,Petersburg city,33561,33183,32803,32645,32292,31930,32181,32318,32321,32168
Virginia,Poquoson city,11582,11523,11697,11797,11772,11879,12008,12089,12103,12153
Virginia,Portsmouth city,100337,99166,98297,97184,97428,98069,99213,97831,95802,95384
Virginia,Radford city,15872,16193,15963,15691,15743,15995,16163,16341,16304,16361
Virginia,Richmond city,196782,197575,197513,197306,196878,197465,198618,200201,202254,203678
Virginia,Roanoke city,94941,94931,93956,93716,93614,93932,94247,94916,95813,97023
Virginia,Salem city,24747,24487,24554,24465,24096,24310,24508,24482,24673,24684
Virginia,Staunton city,23896,23734,23691,23726,23501,23603,23638,23920,23945,23764
Virginia,Suffolk city,64216,66448,69274,72721,75725,77957,80291,81273,82603,83648
Virginia,Virginia Beach city,426918,428396,430183,431600,437494,436210,437739,434732,433331,435004
Virginia,Waynesboro city,19661,19744,20010,20163,20351,20533,20728,20747,20920,20985
Virginia,Williamsburg city,12012,12024,11829,11796,11986,12400,12810,13142,13296,13687
Virginia,Winchester city,23699,24224,24602,24649,25175,25565,25757,25701,26004,26036
Washington,Washington,5910512,5985722,6052349,6104115,6178645,6257305,6370753,6461587,6562231,6667426
Washington,Adams County,16458,16259,16445,16612,16664,16918,16997,17413,17782,18405
Washington,Asotin County,20546,20447,20490,20487,20783,20908,21133,21188,21393,21415
Washington,Benton County,143131,145909,150323,153596,155689,157726,159564,161669,166573,171122
Washington,Chelan County,66648,66574,66742,67173,67882,68747,69536,70214,70813,71679
Washington,Clallam County,64269,64756,65777,66301,67411,68720,69642,70186,70769,71077
Washington,Clark County,347208,357211,366405,374098,384931,394277,401698,408820,415282,421236
Washington,Columbia County,4069,4034,3995,4003,4027,3974,3895,3897,3903,3977
Washington,Cowlitz County,92984,93608,94325,94516,95541,96536,99162,100744,101688,102126
Washington,Douglas County,32674,32787,33044,33481,34086,34622,35558,36503,37216,37935
Washington,Ferry County,7276,7285,7280,7424,7478,7495,7562,7430,7439,7538
Washington,Franklin County,49565,50511,52365,55447,58165,61360,64585,67586,70775,74478
Washington,Garfield County,2383,2313,2293,2316,2270,2274,2245,2203,2244,2237
Washington,Grant County,74918,76044,76944,77955,78734,79531,81036,82645,84944,87340
Washington,Grays Harbor County,67075,67896,68264,69065,69775,70423,71256,71827,72027,72468
Washington,Island County,71886,73884,74840,74670,77667,77589,79136,78726,78375,78248
Washington,Jefferson County,26414,26845,27201,27588,27949,28506,29239,29346,29648,29714
Washington,King County,1739009,1754090,1758685,1763440,1775297,1795268,1822967,1847986,1875020,1912012
Washington,Kitsap County,232720,234513,238129,239758,241960,239806,245054,244105,246912,248800
Washington,Kittitas County,33537,34000,34977,35726,36921,37537,38680,39158,40015,40466
Washington,Klickitat County,19204,19161,19060,19242,19232,19279,19701,19898,20135,20164
Washington,Lewis County,68596,68934,69452,70366,71021,72060,73318,74229,74899,75316
Washington,Lincoln County,10143,10123,10092,10206,10442,10350,10418,10509,10608,10570
Washington,Mason County,49631,50298,51215,52351,53819,55198,56872,58679,59785,60333
Washington,Okanogan County,39566,39126,38865,38575,38847,39143,39322,39676,40235,40699
Washington,Pacific County,20939,20631,20514,20885,20953,21228,21326,21415,21305,21026
Washington,Pend Oreille County,11672,11807,11934,12029,12244,12357,12681,12828,12985,13043
Washington,Pierce County,703993,716447,728091,733969,740137,748148,763408,772484,785400,796483
Washington,San Juan County,14120,14334,14628,14787,15071,15167,15270,15400,15590,15714
Washington,Skagit County,103420,104534,105563,107369,109030,110683,112621,114066,115808,116557
Washington,Skamania County,9895,9833,9886,10046,10236,10303,10583,10786,10918,10955
Washington,Snohomish County,609185,622390,631526,635612,643533,654849,670706,683997,694622,706302
Washington,Spokane County,418803,422922,427107,430710,435268,440439,447517,456150,462263,468235
Washington,Stevens County,40210,40204,40334,40589,41022,41612,42366,43059,43398,43548
Washington,Thurston County,208287,212421,216313,219499,222985,227023,232688,237772,244332,249936
Washington,Wahkiakum County,3835,3776,3789,3662,3729,3824,3936,3975,4033,3995
Washington,Walla Walla County,55178,55072,55666,56108,56652,56569,56705,56840,57315,58103
Washington,Whatcom County,167696,171172,174904,177851,181756,185450,188926,192837,196708,199865
Washington,Whitman County,40754,40814,41484,41442,42158,42836,42827,42608,43802,44705
Washington,Yakima County,222615,222757,223402,225161,227280,228570,230617,232733,235272,239604
Wisconsin,Wisconsin,5373999,5406835,5445162,5479203,5514026,5546166,5577655,5610775,5640996,5669264
Wisconsin,Adams County,20047,20337,20578,20644,20774,21211,21185,21156,21101,20930
Wisconsin,Ashland County,16823,16773,16747,16647,16547,16407,16408,16199,16145,16128
Wisconsin,Barron County,45018,45225,45515,45601,45804,45808,45968,45874,46009,45876
Wisconsin,Bayfield County,15028,15076,15128,15165,15164,15163,15172,15255,15160,14981
Wisconsin,Brown County,227266,229332,231821,233878,236654,238587,240191,242691,244016,246476
Wisconsin,Buffalo County,13799,13855,13777,13807,13785,13969,13908,13885,13734,13618
Wisconsin,Burnett County,15688,15797,15906,16063,16180,16143,16056,15965,15696,15609
Wisconsin,Calumet County,40898,41950,43411,44660,45456,46185,46809,47188,48014,48457
Wisconsin,Chippewa County,55346,55820,56353,57184,58801,59802,60271,61022,61524,61997
Wisconsin,Clark County,33643,33763,33851,34066,34234,34334,34399,34435,34644,34589
Wisconsin,Columbia County,52678,53167,53488,54168,55048,55409,55820,56197,56362,56469
Wisconsin,Crawford County,17238,17020,16984,16891,17007,16895,16953,16924,16808,16692
Wisconsin,Dane County,428231,434745,441623,447515,453327,459048,465018,471644,477791,484979
Wisconsin,Dodge County,85971,86385,86908,87415,88070,88168,89003,89007,89239,88677
Wisconsin,Door County,28019,28159,28249,28313,28213,28146,28167,27957,28023,27919
Wisconsin,Douglas County,43365,43529,43593,43790,43833,43872,43815,43710,43830,43998
Wisconsin,Dunn County,39952,40599,40947,41222,41690,41988,42828,43148,43382,43570
Wisconsin,Eau Claire County,93310,93835,94493,94632,94618,95007,95896,96632,97176,98274
Wisconsin,Florence County,5076,5036,5068,4960,4890,4825,4794,4682,4564,4494
Wisconsin,Fond du Lac County,97390,97856,98097,98470,98929,99297,99920,100520,101122,101370
Wisconsin,Forest County,10034,9916,9879,9876,9924,9820,9737,9639,9620,9396
Wisconsin,Grant County,49559,49739,49667,49925,50143,50244,50051,50544,50834,50916
Wisconsin,Green County,33770,33929,34177,34301,34801,35174,35869,36234,36598,36672
Wisconsin,Green Lake County,19082,19213,19267,19253,19220,19187,19195,19144,19102,19056
Wisconsin,Iowa County,22806,22932,23017,23154,23187,23405,23589,23636,23701,23595
Wisconsin,Iron County,6843,6776,6711,6598,6508,6411,6236,6170,6101,5966
Wisconsin,Jackson County,19133,19337,19374,19641,19633,19885,20016,20227,20348,20372
Wisconsin,Jefferson County,76053,76736,77376,78148,79408,80392,81300,82276,83140,83480
Wisconsin,Juneau County,24351,24546,25050,25186,25445,26589,26695,26755,26825,26728
Wisconsin,Kenosha County,150060,151962,153905,155946,157968,160088,161607,163223,164636,165502
Wisconsin,Kewaunee County,20212,20302,20434,20402,20562,20650,20755,20694,20636,20555
Wisconsin,La Crosse County,107291,107761,108477,109065,109410,109976,110641,111798,112761,114021
Wisconsin,Lafayette County,16225,16303,16436,16516,16615,16703,16785,16670,16768,16851
Wisconsin,Langlade County,20735,20820,20722,20668,20686,20477,20440,20379,20248,20086
Wisconsin,Lincoln County,29670,29548,29641,29621,29666,29602,29457,29272,29094,28833
Wisconsin,Manitowoc County,82936,82788,82338,82010,81846,81827,81869,81872,81698,81600
Wisconsin,Marathon County,125995,126459,126880,127311,127855,128958,130516,131773,133036,133793
Wisconsin,Marinette County,43418,43157,43122,42946,42680,42850,42389,42190,42019,41792
Wisconsin,Marquette County,14602,14624,14798,14931,15157,15390,15437,15395,15485,15405
Wisconsin,Menominee County,4565,4521,4539,4478,4406,4353,4312,4293,4214,4191
Wisconsin,Milwaukee County,939769,939305,939854,939513,936914,932540,930263,931453,934752,942668
Wisconsin,Monroe County,40984,41298,41611,41712,42229,42604,43208,43729,44157,44437
Wisconsin,Oconto County,35804,36149,36458,36889,37354,37563,37756,37805,37816,37655
Wisconsin,Oneida County,36766,36912,36875,37223,37035,36896,36746,36553,36500,36175
Wisconsin,Outagamie County,161720,163726,165336,166690,168136,169740,171632,173180,174388,176175
Wisconsin,Ozaukee County,82515,83001,83605,84303,85069,85178,85362,85597,85994,86409
Wisconsin,Pepin County,7301,7355,7436,7454,7536,7566,7540,7557,7545,7480
Wisconsin,Pierce County,36844,37204,37547,38090,38789,39318,39915,40238,40758,40613
Wisconsin,Polk County,41454,42212,42576,43032,43584,44014,44367,44318,44331,44376
Wisconsin,Portage County,67250,67422,67644,67728,67789,68045,68481,69133,69641,69876
Wisconsin,Price County,15806,15566,15411,15361,15189,15046,14882,14561,14411,14297
Wisconsin,Racine County,188904,189047,189833,190845,191808,193251,193915,194395,194730,195130
Wisconsin,Richland County,17979,18061,17976,18106,18322,18256,18299,18428,18205,18112
Wisconsin,Rock County,152464,153174,153628,154268,155685,156761,158538,159912,160647,160411
Wisconsin,Rusk County,15356,15245,15257,15169,15189,15091,14945,14890,14884,14841
Wisconsin,St. Croix County,63639,65711,68268,71076,73988,77061,79784,81708,83192,84055
Wisconsin,Sauk County,55348,55660,56316,57096,58020,58856,59580,60389,61231,61562
Wisconsin,Sawyer County,16249,16249,16391,16510,16552,16652,16624,16674,16650,16559
Wisconsin,Shawano County,40801,40878,40976,41083,41273,41437,41639,41829,41894,41889
Wisconsin,Sheboygan County,112739,113023,113251,113433,113832,114454,114775,115178,115652,115562
Wisconsin,Taylor County,19752,19813,19933,19933,20186,20330,20394,20473,20577,20697
Wisconsin,Trempealeau County,27080,27118,27249,27413,27676,28065,28286,28396,28452,28627
Wisconsin,Vernon County,28050,28157,28288,28395,28652,28959,29123,29313,29431,29659
Wisconsin,Vilas County,21162,21464,21766,21997,22069,22116,22064,21997,21767,21524
Wisconsin,Walworth County,92328,93462,95370,97087,98128,99848,101026,101449,101916,102077
Wisconsin,Washburn County,16034,16070,16174,16138,16126,16097,16098,16038,16003,15947
Wisconsin,Washington County,117967,119387,120741,122143,124076,125788,127483,129203,130795,131579
Wisconsin,Waukesha County,362169,365564,370051,373787,376243,378885,380799,384239,386691,388957
Wisconsin,Waupaca County,51976,52092,52380,52579,52605,52508,52634,52677,52593,52392
Wisconsin,Waushara County,23074,23343,24257,24464,24534,24564,24690,24686,24760,24554
Wisconsin,Winnebago County,157103,158163,159134,159440,160130,161451,162727,164037,164910,166429
Wisconsin,Wood County,75486,75376,75223,75179,75164,74981,74603,74465,74519,74627
